-- phpMyAdmin SQL Dump
-- version 4.8.3
-- https://www.phpmyadmin.net/
--
-- Host: 127.0.0.1
-- Generation Time: Oct 09, 2018 at 07:02 PM
-- Server version: 10.1.35-MariaDB
-- PHP Version: 7.2.9

SET SQL_MODE = "NO_AUTO_VALUE_ON_ZERO";
SET AUTOCOMMIT = 0;
START TRANSACTION;
SET time_zone = "+00:00";


/*!40101 SET @OLD_CHARACTER_SET_CLIENT=@@CHARACTER_SET_CLIENT */;
/*!40101 SET @OLD_CHARACTER_SET_RESULTS=@@CHARACTER_SET_RESULTS */;
/*!40101 SET @OLD_COLLATION_CONNECTION=@@COLLATION_CONNECTION */;
/*!40101 SET NAMES utf8mb4 */;

--
-- Database: `eapi`
--

-- --------------------------------------------------------

--
-- Table structure for table `migrations`
--

CREATE TABLE `migrations` (
  `id` int(10) UNSIGNED NOT NULL,
  `migration` varchar(191) COLLATE utf8mb4_unicode_ci NOT NULL,
  `batch` int(11) NOT NULL
) ENGINE=InnoDB DEFAULT CHARSET=utf8mb4 COLLATE=utf8mb4_unicode_ci;

--
-- Dumping data for table `migrations`
--

INSERT INTO `migrations` (`id`, `migration`, `batch`) VALUES
(1, '2014_10_12_000000_create_users_table', 1),
(2, '2014_10_12_100000_create_password_resets_table', 1),
(3, '2018_10_09_122324_create_products_table', 1),
(4, '2018_10_09_122404_create_reviews_table', 1);

-- --------------------------------------------------------

--
-- Table structure for table `password_resets`
--

CREATE TABLE `password_resets` (
  `email` varchar(191) COLLATE utf8mb4_unicode_ci NOT NULL,
  `token` varchar(191) COLLATE utf8mb4_unicode_ci NOT NULL,
  `created_at` timestamp NULL DEFAULT NULL
) ENGINE=InnoDB DEFAULT CHARSET=utf8mb4 COLLATE=utf8mb4_unicode_ci;

-- --------------------------------------------------------

--
-- Table structure for table `products`
--

CREATE TABLE `products` (
  `id` int(10) UNSIGNED NOT NULL,
  `name` varchar(191) COLLATE utf8mb4_unicode_ci NOT NULL,
  `detail` text COLLATE utf8mb4_unicode_ci NOT NULL,
  `price` int(11) NOT NULL,
  `stock` int(11) NOT NULL,
  `discount` int(11) NOT NULL,
  `created_at` timestamp NULL DEFAULT NULL,
  `updated_at` timestamp NULL DEFAULT NULL
) ENGINE=InnoDB DEFAULT CHARSET=utf8mb4 COLLATE=utf8mb4_unicode_ci;

--
-- Dumping data for table `products`
--

INSERT INTO `products` (`id`, `name`, `detail`, `price`, `stock`, `discount`, `created_at`, `updated_at`) VALUES
(1, 'sed', 'Quae sequi aut rerum aliquid perferendis. Sit voluptatibus eligendi error dignissimos. Ipsam natus quo quasi aspernatur. Ipsa repellendus voluptas incidunt doloremque consectetur reprehenderit est.', 131, 0, 26, '2018-10-09 11:45:58', '2018-10-09 11:45:58'),
(2, 'inventore', 'Eveniet iure tempora nemo odit ipsum rem. Vel alias qui magnam numquam molestiae harum quas consequuntur. Dolorem ea qui quis fugiat sint aut ea. Quis neque autem assumenda eaque non.', 617, 5, 19, '2018-10-09 11:45:58', '2018-10-09 11:45:58'),
(3, 'iusto', 'Commodi voluptas laudantium est quasi numquam. Sapiente reprehenderit delectus labore inventore fuga. Est libero voluptatum et non. Eos voluptate non est ea ex nihil qui.', 137, 7, 3, '2018-10-09 11:45:58', '2018-10-09 11:45:58'),
(4, 'vitae', 'Ipsa in voluptatem facilis qui quis aut. Vero in eveniet ipsam minima voluptatem. Sint vero sit minus dolor sequi accusamus rerum aut. Sint nihil eveniet beatae id.', 406, 7, 20, '2018-10-09 11:45:58', '2018-10-09 11:45:58'),
(5, 'odit', 'Omnis aut iusto mollitia qui ea tenetur magni. Saepe tempore voluptas est velit assumenda. Non et facilis ut harum minus alias.', 569, 0, 6, '2018-10-09 11:45:58', '2018-10-09 11:45:58'),
(6, 'voluptatem', 'Atque deserunt eos molestias quisquam. Et alias suscipit et repudiandae. Voluptates nihil nesciunt sed minus laudantium.', 836, 1, 18, '2018-10-09 11:45:58', '2018-10-09 11:45:58'),
(7, 'similique', 'Ullam sed beatae autem dignissimos qui eos. Necessitatibus quisquam id esse velit quod et. Porro cupiditate dolorem ad fuga et repellat nemo. Deserunt vel aut repudiandae tempora maxime.', 367, 8, 2, '2018-10-09 11:45:58', '2018-10-09 11:45:58'),
(8, 'mollitia', 'Perferendis occaecati laborum mollitia beatae. Reiciendis deleniti aspernatur iste occaecati sapiente voluptas excepturi. At vel corporis aperiam quas.', 512, 3, 7, '2018-10-09 11:45:58', '2018-10-09 11:45:58'),
(9, 'nemo', 'Ex praesentium aut tempore ut. Quod quas facere rerum molestiae est debitis deserunt. Suscipit voluptatibus rem aliquid sit magni asperiores.', 212, 5, 21, '2018-10-09 11:45:58', '2018-10-09 11:45:58'),
(10, 'iste', 'Et voluptas error nihil expedita. Tempore sed quae ducimus enim officia. Assumenda quaerat ratione consequuntur deserunt ratione fugit ad.', 491, 9, 29, '2018-10-09 11:45:58', '2018-10-09 11:45:58'),
(11, 'et', 'Sit accusamus ratione modi rerum id consequatur consequatur. Autem magni reprehenderit quia eaque dicta eos.', 573, 6, 29, '2018-10-09 11:45:58', '2018-10-09 11:45:58'),
(12, 'aperiam', 'Reiciendis omnis est repellat sed explicabo alias. Aut dolor incidunt fugiat voluptatibus. Et velit nihil labore iure est.', 961, 5, 9, '2018-10-09 11:45:58', '2018-10-09 11:45:58'),
(13, 'voluptatum', 'Veniam quam aspernatur ut magni est illum. Qui quia exercitationem eligendi itaque. Tempore molestias fuga aut necessitatibus ad nobis omnis. Autem dolore sit debitis vitae voluptatem officia.', 199, 6, 14, '2018-10-09 11:45:58', '2018-10-09 11:45:58'),
(14, 'asperiores', 'Sit maiores repellendus dolores ipsa at consequuntur. Maxime voluptatem consequatur eum voluptates ut. Consequatur dolor voluptatem minima modi.', 517, 3, 14, '2018-10-09 11:45:59', '2018-10-09 11:45:59'),
(15, 'autem', 'Quis et ea nihil doloremque. Magni atque labore quo consequatur aspernatur quia ut. Exercitationem eos tempore sit at. Molestiae aperiam facilis rerum maxime harum.', 265, 2, 29, '2018-10-09 11:45:59', '2018-10-09 11:45:59'),
(16, 'esse', 'Repellendus debitis vero assumenda amet. Voluptas natus omnis iste rerum quia quia. Nemo non ut veniam ipsam reiciendis eum doloremque.', 411, 5, 8, '2018-10-09 11:45:59', '2018-10-09 11:45:59'),
(17, 'repellendus', 'Et illo quae ea repudiandae. Ipsa voluptatem numquam debitis et. Ducimus reiciendis voluptate temporibus molestiae.', 235, 5, 23, '2018-10-09 11:45:59', '2018-10-09 11:45:59'),
(18, 'omnis', 'Et ipsam eveniet nisi rerum et. Unde tempora rerum eveniet veritatis. Nam fugiat aliquid laborum sed. Alias explicabo incidunt cum velit veniam officiis saepe.', 458, 5, 27, '2018-10-09 11:45:59', '2018-10-09 11:45:59'),
(19, 'eveniet', 'Non distinctio quos eum dolorem neque. Reiciendis iure molestiae nemo totam. Suscipit sit ad et aspernatur rem. Rem repellat ipsa iure.', 517, 8, 4, '2018-10-09 11:45:59', '2018-10-09 11:45:59'),
(20, 'illum', 'Iure natus eos culpa qui quis ex. Eius nostrum et est omnis in nostrum culpa. Porro cumque quis consequuntur mollitia qui provident. Hic tenetur similique unde quisquam doloremque.', 885, 4, 29, '2018-10-09 11:45:59', '2018-10-09 11:45:59'),
(21, 'voluptatem', 'Quas est rerum ut tenetur quisquam aut ut. Omnis laudantium quisquam in aliquam aliquam. Qui omnis expedita autem blanditiis assumenda. Quia mollitia ea quibusdam aut est voluptatem consequatur.', 113, 8, 5, '2018-10-09 11:45:59', '2018-10-09 11:45:59'),
(22, 'omnis', 'Exercitationem nesciunt maxime maxime ipsa eum quia rerum consequuntur. Rerum eaque voluptatem aspernatur impedit reiciendis numquam. Earum suscipit eos assumenda vel nemo explicabo. Neque magnam voluptas beatae vel optio.', 752, 3, 17, '2018-10-09 11:45:59', '2018-10-09 11:45:59'),
(23, 'voluptatem', 'Et natus excepturi sed aut occaecati. Sit consequuntur ut non sint. Autem corporis aut iure totam qui qui non.', 568, 7, 15, '2018-10-09 11:45:59', '2018-10-09 11:45:59'),
(24, 'et', 'Aliquid non temporibus alias aut amet qui. Dolorem explicabo aliquam natus accusamus ut explicabo quis natus. Saepe necessitatibus id tempora magnam voluptas non maxime. Aliquid aut dignissimos nisi deserunt.', 787, 1, 13, '2018-10-09 11:45:59', '2018-10-09 11:45:59'),
(25, 'ipsum', 'Voluptatem autem officiis exercitationem. Velit non nemo itaque non. Quia eos qui reprehenderit. Maiores doloremque in cumque dolorem quos consequatur illum enim. Recusandae vel voluptatibus velit.', 724, 3, 17, '2018-10-09 11:45:59', '2018-10-09 11:45:59'),
(26, 'amet', 'Corrupti delectus repellat atque velit nam debitis est at. Et necessitatibus repellendus eaque quo odit aut. Id quam quam deleniti qui praesentium. Accusamus est quia quos nobis nemo vitae.', 760, 0, 17, '2018-10-09 11:45:59', '2018-10-09 11:45:59'),
(27, 'quos', 'Qui molestiae quaerat dolor sint occaecati molestiae ut. Voluptas neque consequatur ipsam laborum inventore aperiam atque. Aliquam reiciendis similique consectetur debitis consequuntur accusamus.', 501, 4, 22, '2018-10-09 11:45:59', '2018-10-09 11:45:59'),
(28, 'minus', 'Sed expedita explicabo repellat cum iste enim. Voluptatem repellendus dolorem ut vel voluptas aliquam nihil et. Quis fugiat quia debitis autem excepturi dolor dolor. Quia modi ducimus nobis iure eum. Nisi laudantium quo esse perferendis minus.', 983, 4, 14, '2018-10-09 11:45:59', '2018-10-09 11:45:59'),
(29, 'voluptas', 'In perferendis facere repudiandae et quisquam vel reiciendis. Eveniet et hic cumque consectetur. Adipisci sit velit et eveniet. Quis deleniti deleniti dolores eveniet sint vel qui.', 662, 6, 2, '2018-10-09 11:45:59', '2018-10-09 11:45:59'),
(30, 'consectetur', 'Eius aliquam dolor hic expedita perferendis. Distinctio aspernatur aut ipsam.', 295, 8, 30, '2018-10-09 11:45:59', '2018-10-09 11:45:59'),
(31, 'voluptate', 'Voluptas omnis deleniti sed eos veniam. Et atque culpa ipsum est. Repudiandae saepe voluptas commodi quaerat itaque aut. Sit quam provident nihil est consequatur minima placeat.', 822, 4, 15, '2018-10-09 11:45:59', '2018-10-09 11:45:59'),
(32, 'vitae', 'Dolor earum omnis exercitationem distinctio sed. Aut voluptates excepturi quia asperiores consectetur sit. Provident placeat hic tempore veritatis. Placeat dolorum est et placeat.', 421, 4, 13, '2018-10-09 11:45:59', '2018-10-09 11:45:59'),
(33, 'molestias', 'Accusamus est voluptatem veritatis veniam. Excepturi cupiditate provident vel amet similique cumque. Facilis aut error molestiae consequatur illum. Et neque et vero voluptatibus aut suscipit.', 205, 1, 23, '2018-10-09 11:45:59', '2018-10-09 11:45:59'),
(34, 'at', 'Ad sequi quis eum perspiciatis. Ea assumenda voluptatem facilis rerum sint quibusdam veritatis. Et et asperiores officia molestiae inventore aspernatur veniam.', 804, 0, 4, '2018-10-09 11:45:59', '2018-10-09 11:45:59'),
(35, 'explicabo', 'Nam dolor culpa aut totam saepe ullam nihil sint. Consequatur aut est id quis illo asperiores ullam. Placeat maxime corrupti ut corporis neque facilis dolorem. Et veritatis deserunt accusamus.', 476, 3, 29, '2018-10-09 11:45:59', '2018-10-09 11:45:59'),
(36, 'libero', 'Suscipit repellat minima dolor repudiandae et esse. Accusantium aut velit occaecati sit tempora exercitationem error. Et iusto inventore deserunt explicabo pariatur soluta. Et qui suscipit velit voluptatem et quidem qui. Corporis eos laudantium ex quos.', 492, 9, 24, '2018-10-09 11:45:59', '2018-10-09 11:45:59'),
(37, 'dolorem', 'Sint dolor excepturi dolor ut dicta delectus. Sunt nesciunt nihil nisi aperiam fugit architecto. Et et ut ut recusandae magnam consequuntur. Libero consequatur possimus doloribus nemo eaque fuga voluptates.', 848, 9, 28, '2018-10-09 11:45:59', '2018-10-09 11:45:59'),
(38, 'similique', 'Unde commodi est porro odio commodi iste illum. Voluptatem ipsa corporis ullam aliquam voluptas. Iusto dolor aut dolores asperiores qui quia distinctio accusantium. Sunt dignissimos exercitationem non illo qui perferendis et consequatur.', 711, 3, 22, '2018-10-09 11:45:59', '2018-10-09 11:45:59'),
(39, 'fugiat', 'Et libero dignissimos voluptatum quo. Dolor officiis ut quaerat veniam.', 313, 5, 20, '2018-10-09 11:45:59', '2018-10-09 11:45:59'),
(40, 'distinctio', 'Quia sit et quisquam velit dolores sapiente quos. Beatae et sed nisi qui ducimus aspernatur doloremque earum.', 426, 9, 6, '2018-10-09 11:45:59', '2018-10-09 11:45:59'),
(41, 'aliquam', 'Qui ipsum cumque laborum at labore hic architecto occaecati. Blanditiis voluptas assumenda perspiciatis reiciendis voluptate ipsam qui. Saepe omnis autem omnis provident voluptas.', 493, 7, 21, '2018-10-09 11:45:59', '2018-10-09 11:45:59'),
(42, 'officia', 'In rerum excepturi itaque cumque officia et reprehenderit. Ut impedit excepturi qui officiis cupiditate deserunt.', 248, 5, 3, '2018-10-09 11:45:59', '2018-10-09 11:45:59'),
(43, 'numquam', 'Reiciendis facilis quidem molestiae id. Magnam dicta quo alias ut. Assumenda aut molestiae natus est. Ut recusandae omnis totam quia id suscipit.', 503, 8, 2, '2018-10-09 11:45:59', '2018-10-09 11:45:59'),
(44, 'eos', 'Dolorum id possimus quidem voluptas. Optio officia aut in nisi porro harum accusamus. Cupiditate itaque qui repellat nisi animi molestias.', 160, 1, 4, '2018-10-09 11:45:59', '2018-10-09 11:45:59'),
(45, 'eveniet', 'Sint voluptatum soluta ea qui sit. Consectetur voluptas quaerat eius recusandae. Cum impedit quia autem quis.', 770, 0, 10, '2018-10-09 11:46:00', '2018-10-09 11:46:00'),
(46, 'sint', 'Doloremque nihil in voluptatem velit. Quo omnis magnam commodi explicabo adipisci cupiditate. In corporis mollitia a deleniti ullam consequatur autem ratione. Saepe rerum eos sed quia.', 242, 1, 12, '2018-10-09 11:46:00', '2018-10-09 11:46:00'),
(47, 'minima', 'Hic sequi maxime dicta dolores nostrum hic enim omnis. Quia illo enim est sed tempore. Suscipit ut et hic amet dicta.', 606, 7, 6, '2018-10-09 11:46:00', '2018-10-09 11:46:00'),
(48, 'autem', 'Dolorum in est repellendus. Quia quia error quo at. Qui eum ea veritatis molestiae sequi. Veritatis iusto vitae a sunt.', 648, 7, 12, '2018-10-09 11:46:00', '2018-10-09 11:46:00'),
(49, 'modi', 'Et error est sed ea exercitationem. Ut nam voluptas esse odio facere. Earum provident eos commodi dicta consequatur et.', 328, 9, 6, '2018-10-09 11:46:00', '2018-10-09 11:46:00'),
(50, 'voluptas', 'Aut consequuntur iusto praesentium et. Labore occaecati cupiditate aut enim.', 226, 5, 11, '2018-10-09 11:46:00', '2018-10-09 11:46:00'),
(51, 'commodi', 'Suscipit exercitationem sint quo molestias perspiciatis natus. Consequatur possimus dolorem est est aut.', 711, 4, 15, '2018-10-09 11:54:57', '2018-10-09 11:54:57'),
(52, 'excepturi', 'Delectus quia distinctio quia corrupti possimus fugit. Est quaerat architecto quasi aspernatur consequatur ut placeat. Et voluptatibus qui totam sed.', 175, 4, 7, '2018-10-09 11:54:57', '2018-10-09 11:54:57'),
(53, 'voluptatum', 'Modi occaecati non sunt vitae et. Exercitationem deserunt cupiditate esse. Recusandae laborum tempore adipisci odit et fugit. Similique quis magni rerum eaque ut doloribus vel non.', 753, 7, 30, '2018-10-09 11:54:57', '2018-10-09 11:54:57'),
(54, 'voluptas', 'Qui sit molestias sit aliquid voluptates. Voluptas et voluptatem quia eos cumque. Ab quibusdam sint eos numquam qui est aut.', 667, 5, 26, '2018-10-09 11:54:57', '2018-10-09 11:54:57'),
(55, 'et', 'Delectus quis ad reprehenderit aut quos voluptatem. Est accusamus natus in amet veritatis esse consequatur numquam. Recusandae laboriosam iure eaque dolorem suscipit. Quidem vel autem voluptatum eum.', 359, 2, 20, '2018-10-09 11:54:57', '2018-10-09 11:54:57'),
(56, 'dolore', 'Voluptatem sed et tenetur voluptate. Et rerum dolorem est non minima rerum explicabo. Nulla sed et et et cupiditate.', 773, 9, 16, '2018-10-09 11:54:57', '2018-10-09 11:54:57'),
(57, 'animi', 'Deleniti quia atque dolores quo doloribus. Omnis qui eos odio qui quos quis molestiae. Et eum quis ullam est et molestiae. Doloremque quis incidunt ea nesciunt nesciunt placeat molestiae.', 163, 8, 10, '2018-10-09 11:54:57', '2018-10-09 11:54:57'),
(58, 'dolor', 'Et et expedita quia et. Repudiandae eveniet ut maxime vel mollitia. Amet vero expedita quo sed itaque rerum voluptatem sed.', 901, 5, 13, '2018-10-09 11:54:57', '2018-10-09 11:54:57'),
(59, 'adipisci', 'Vitae cupiditate unde laboriosam reiciendis unde. Omnis quasi repellat ex recusandae aperiam quia omnis. Animi sapiente impedit veritatis amet expedita. Asperiores natus quae omnis et.', 875, 1, 27, '2018-10-09 11:54:57', '2018-10-09 11:54:57'),
(60, 'commodi', 'Fugit voluptas asperiores iste quo et. Rem accusantium maiores reprehenderit ipsum. Facere ut voluptas et eum beatae.', 259, 0, 27, '2018-10-09 11:54:57', '2018-10-09 11:54:57'),
(61, 'beatae', 'Molestiae ad iusto soluta numquam saepe temporibus harum laborum. Fugit non impedit mollitia. Et deleniti ea laboriosam perspiciatis.', 583, 3, 17, '2018-10-09 11:54:57', '2018-10-09 11:54:57'),
(62, 'sit', 'Eos dicta sed consequatur velit voluptatem illo molestiae suscipit. Numquam numquam non sit. Est sapiente voluptatem perspiciatis sit. Et quas nesciunt sunt provident tempore. Eum autem sit at.', 456, 1, 2, '2018-10-09 11:54:57', '2018-10-09 11:54:57'),
(63, 'aut', 'Pariatur ut cumque vitae rerum qui. Qui quisquam dolores libero deleniti. Similique delectus molestiae quis recusandae. Molestias odio distinctio repudiandae aut suscipit. Doloribus dolor inventore voluptatem illum.', 758, 9, 13, '2018-10-09 11:54:57', '2018-10-09 11:54:57'),
(64, 'quas', 'Aperiam eaque et incidunt nobis. Neque temporibus quaerat laudantium iure ut fuga. Commodi odio et modi qui dolores fuga. Enim hic rerum voluptatem alias adipisci.', 919, 5, 26, '2018-10-09 11:54:57', '2018-10-09 11:54:57'),
(65, 'nostrum', 'Voluptatem est delectus aspernatur totam consectetur velit. Et ut non esse. Omnis sed ex omnis aspernatur voluptas odit aut iure.', 304, 6, 26, '2018-10-09 11:54:57', '2018-10-09 11:54:57'),
(66, 'atque', 'Culpa aliquid mollitia culpa cumque illum sunt sapiente. Et ipsam sit dolorem consequatur excepturi temporibus omnis. Sed iure iure eum earum et.', 339, 3, 19, '2018-10-09 11:54:57', '2018-10-09 11:54:57'),
(67, 'ut', 'Cum nesciunt fugit quam quae aut minima et id. Optio odio adipisci nemo rerum odio dolores debitis. Quaerat dicta ut ut non ex et.', 162, 1, 27, '2018-10-09 11:54:57', '2018-10-09 11:54:57'),
(68, 'sit', 'Voluptate eum optio quasi ea dolores. Quas sunt neque exercitationem inventore qui. Ipsam iste quia cupiditate illo commodi dolores dolor. Cum suscipit quidem quibusdam aut nostrum.', 511, 8, 10, '2018-10-09 11:54:57', '2018-10-09 11:54:57'),
(69, 'rerum', 'Ut qui quam ullam voluptas ullam nobis unde atque. Porro ipsa et tenetur doloremque enim. Veritatis iusto voluptatem eligendi et quia vel ut. Quia exercitationem voluptatem qui ut iusto ut. Assumenda ut sint ut iure modi quasi.', 189, 8, 24, '2018-10-09 11:54:57', '2018-10-09 11:54:57'),
(70, 'autem', 'Tempore laudantium ea aspernatur. Qui qui voluptatem vel.', 340, 7, 4, '2018-10-09 11:54:58', '2018-10-09 11:54:58'),
(71, 'repellendus', 'Ut sunt voluptatibus laboriosam quia omnis error rerum saepe. Nisi voluptas aut ipsam rem quis. Molestiae sed perferendis ullam eveniet tempore explicabo iusto. Nobis voluptates expedita et impedit delectus ad provident.', 584, 2, 26, '2018-10-09 11:54:58', '2018-10-09 11:54:58'),
(72, 'tempore', 'Vel sed ea soluta. Voluptatem modi expedita nam occaecati veniam est deserunt. Eos impedit autem quod provident est.', 128, 0, 13, '2018-10-09 11:54:58', '2018-10-09 11:54:58'),
(73, 'harum', 'Ipsam accusamus nemo reprehenderit in. Iusto est facilis temporibus placeat ut nostrum magni. Aut perferendis distinctio ut est voluptatum assumenda doloribus.', 383, 4, 28, '2018-10-09 11:54:58', '2018-10-09 11:54:58'),
(74, 'nisi', 'Corporis dicta officia culpa sit omnis. Minima totam et eligendi possimus ipsum adipisci mollitia. Quae eveniet quas libero vel.', 808, 5, 27, '2018-10-09 11:54:58', '2018-10-09 11:54:58'),
(75, 'ab', 'Possimus aliquid rerum reiciendis in. Ut ex molestiae ut eligendi minus est sequi dignissimos. Aliquam enim explicabo quos ea rerum facere et voluptatem. Velit molestiae voluptatem neque voluptas dolores et quia unde.', 228, 4, 21, '2018-10-09 11:54:58', '2018-10-09 11:54:58'),
(76, 'facere', 'Nihil consequuntur quasi consequatur odit. Praesentium rerum optio ullam sed animi in ipsa quis. Aut quis vitae ut quis nulla pariatur. Ipsa eaque at eaque adipisci excepturi. Nemo molestiae laborum quisquam aut cum repellendus voluptatem.', 870, 8, 7, '2018-10-09 11:54:58', '2018-10-09 11:54:58'),
(77, 'et', 'Unde tenetur iusto et quaerat blanditiis dolor cum. Iste est accusantium minus doloremque ullam voluptas ad. Voluptatem numquam consequatur quia sunt dicta natus qui voluptate.', 921, 7, 13, '2018-10-09 11:54:58', '2018-10-09 11:54:58'),
(78, 'assumenda', 'Nihil maxime aut est vel illum aut. Et ut harum eum dolor. Consequatur ut optio est autem facere.', 639, 8, 22, '2018-10-09 11:54:58', '2018-10-09 11:54:58'),
(79, 'amet', 'Occaecati sed molestias pariatur est animi. Ipsam doloremque sapiente perspiciatis quia. Quas aut ex laboriosam.', 549, 5, 26, '2018-10-09 11:54:58', '2018-10-09 11:54:58'),
(80, 'repudiandae', 'Sit at voluptatibus quo repellendus quis quia. Vitae voluptas aperiam blanditiis eos. Ex saepe rerum ipsa quas explicabo. Ratione aut facilis optio.', 238, 0, 24, '2018-10-09 11:54:58', '2018-10-09 11:54:58'),
(81, 'vitae', 'Enim unde tempora sed accusamus non. Atque in libero fugiat consequuntur accusamus enim laudantium omnis. Dolore quisquam distinctio dolor labore tempora. Suscipit voluptatem recusandae omnis.', 161, 7, 5, '2018-10-09 11:54:58', '2018-10-09 11:54:58'),
(82, 'vitae', 'Corrupti numquam est quidem qui animi. Praesentium cupiditate explicabo ut et. Veritatis in modi officia harum autem.', 804, 7, 15, '2018-10-09 11:54:58', '2018-10-09 11:54:58'),
(83, 'dolorum', 'Consequatur quis deserunt aut unde. Et non corporis voluptatem accusantium. Mollitia sed iste et est optio autem.', 396, 3, 29, '2018-10-09 11:54:58', '2018-10-09 11:54:58'),
(84, 'sit', 'Quia est deserunt ab nulla voluptatem. Modi sequi et nesciunt qui veniam delectus adipisci. Velit saepe nam modi temporibus.', 489, 4, 7, '2018-10-09 11:54:58', '2018-10-09 11:54:58'),
(85, 'saepe', 'Et dicta voluptatem labore sit. Vero expedita consequuntur sit. Quis et molestiae excepturi saepe. Ea autem ea autem cum perferendis quis.', 925, 9, 9, '2018-10-09 11:54:58', '2018-10-09 11:54:58'),
(86, 'quia', 'Vel asperiores pariatur deserunt sunt tempora. Aut consequuntur consectetur assumenda aliquam aut facere voluptas. Illo omnis reiciendis et cupiditate et corrupti quo.', 105, 7, 19, '2018-10-09 11:54:58', '2018-10-09 11:54:58'),
(87, 'a', 'Autem perspiciatis ut occaecati rerum dolore incidunt delectus veniam. Aliquid distinctio quo rerum libero nemo hic. Aut ut qui reprehenderit ut. Impedit et cum necessitatibus sunt tenetur.', 877, 9, 8, '2018-10-09 11:54:58', '2018-10-09 11:54:58'),
(88, 'possimus', 'Odio nulla a et dolorem dolorum. Dolores velit eos quis aut aut rerum. Voluptatibus asperiores laborum blanditiis. Eum vel velit recusandae nemo minima neque consequatur.', 806, 9, 10, '2018-10-09 11:54:58', '2018-10-09 11:54:58'),
(89, 'voluptatem', 'Similique placeat dolor sunt accusamus asperiores deserunt amet velit. Eum beatae cupiditate doloremque dolorum explicabo voluptates. Aut quasi dolorum natus voluptatem ab.', 209, 3, 7, '2018-10-09 11:54:58', '2018-10-09 11:54:58'),
(90, 'debitis', 'Ut quaerat soluta accusantium. Exercitationem tempora deleniti aut. Accusantium pariatur quia aut aut ratione numquam. Dolores suscipit recusandae quibusdam nesciunt laborum laboriosam sapiente.', 319, 8, 11, '2018-10-09 11:54:58', '2018-10-09 11:54:58'),
(91, 'autem', 'Asperiores sunt dolor vel necessitatibus. Consequuntur quod tempore sed qui nulla aliquid.', 212, 1, 15, '2018-10-09 11:54:58', '2018-10-09 11:54:58'),
(92, 'neque', 'Porro quis ut delectus sit voluptatem eaque. Architecto quo qui harum dolor.', 693, 5, 26, '2018-10-09 11:54:58', '2018-10-09 11:54:58'),
(93, 'asperiores', 'Ducimus ullam ut magnam. Quaerat nobis accusamus sint. Debitis voluptatum rerum nostrum aut aspernatur ea illo dicta. In aliquid unde dolor qui. Consectetur ea et consequatur error.', 340, 3, 23, '2018-10-09 11:54:58', '2018-10-09 11:54:58'),
(94, 'dolorem', 'Et ut et consequuntur dolor. Aspernatur ratione laborum cumque. Sit magni minima vero voluptas ab. Perferendis iure expedita maxime odit.', 814, 8, 23, '2018-10-09 11:54:58', '2018-10-09 11:54:58'),
(95, 'est', 'Dolor fugiat enim repudiandae velit tempora. Suscipit voluptas qui repellat rerum eum. Ad quibusdam quod non fugit vero quo. Ipsam in voluptate vero.', 770, 9, 21, '2018-10-09 11:54:58', '2018-10-09 11:54:58'),
(96, 'ea', 'Nam quo sit temporibus et modi sint. Provident eveniet est natus earum repellat.', 380, 6, 28, '2018-10-09 11:54:58', '2018-10-09 11:54:58'),
(97, 'quibusdam', 'Et non autem aut. Et quas labore iste placeat est laudantium. Et dolorum perferendis recusandae et.', 736, 7, 16, '2018-10-09 11:54:58', '2018-10-09 11:54:58'),
(98, 'voluptatem', 'Est rerum tenetur ipsum voluptas. Vitae nostrum tempora quis adipisci. Aperiam tempora aliquam at voluptas saepe. Itaque autem rerum aut consequuntur mollitia.', 936, 5, 30, '2018-10-09 11:54:58', '2018-10-09 11:54:58'),
(99, 'ut', 'Eligendi aliquid tempore atque voluptatem modi quae voluptatem. Sint tenetur ut reprehenderit atque.', 977, 0, 6, '2018-10-09 11:54:58', '2018-10-09 11:54:58'),
(100, 'eos', 'A dolor quisquam sit temporibus possimus. Vel neque veniam rem autem quia. Dolorum omnis tenetur occaecati odit.', 746, 7, 30, '2018-10-09 11:54:58', '2018-10-09 11:54:58'),
(101, 'odit', 'Nihil expedita sapiente pariatur vitae qui fugit id aut. Iusto distinctio quaerat similique. Adipisci eum pariatur eveniet unde.', 771, 8, 19, '2018-10-09 11:56:39', '2018-10-09 11:56:39'),
(102, 'asperiores', 'Tempora autem illum molestiae ducimus. Mollitia voluptatibus magnam autem ipsam. Non dolor aut dolore voluptatem fugit.', 907, 4, 2, '2018-10-09 11:56:39', '2018-10-09 11:56:39'),
(103, 'dolor', 'Minima amet mollitia dolore. Aspernatur autem recusandae ipsam mollitia suscipit dolor. Possimus accusamus rerum quasi error. Culpa officia sunt nihil odit est quod aspernatur libero.', 518, 2, 16, '2018-10-09 11:56:39', '2018-10-09 11:56:39'),
(104, 'animi', 'Quibusdam incidunt voluptatem enim deleniti praesentium dolores. Beatae eius voluptatem mollitia saepe nobis. Eum sed architecto eius consequatur quas sunt. Aut dolorum molestiae possimus eos et voluptas reprehenderit incidunt.', 996, 0, 29, '2018-10-09 11:56:39', '2018-10-09 11:56:39'),
(105, 'et', 'Nesciunt nostrum voluptatem architecto ea et eaque. Eum dolores aut harum quo perferendis et ut. Qui molestiae nulla neque occaecati omnis. Earum quaerat porro soluta voluptatem incidunt.', 648, 9, 24, '2018-10-09 11:56:39', '2018-10-09 11:56:39'),
(106, 'aspernatur', 'Nesciunt et sunt et ex quasi id repudiandae. Molestias omnis omnis unde.', 786, 0, 11, '2018-10-09 11:56:40', '2018-10-09 11:56:40'),
(107, 'cupiditate', 'Ipsa eum vel nesciunt sunt quia animi. Ducimus adipisci enim soluta sequi. Pariatur natus repudiandae eos ratione tempora.', 776, 7, 18, '2018-10-09 11:56:40', '2018-10-09 11:56:40'),
(108, 'dolorum', 'Provident hic quisquam non. Aut recusandae numquam excepturi minus. Magnam deleniti excepturi porro et excepturi quam.', 900, 6, 3, '2018-10-09 11:56:40', '2018-10-09 11:56:40'),
(109, 'at', 'Dolores doloremque dolore omnis aut. Tenetur itaque qui sunt corporis. Nihil amet quibusdam numquam earum.', 540, 0, 26, '2018-10-09 11:56:40', '2018-10-09 11:56:40'),
(110, 'numquam', 'Dolorem aut quos laboriosam enim voluptas a. Est et provident aliquam magni est voluptas. Tenetur nesciunt molestiae ipsam eaque dolor consequatur architecto.', 593, 2, 28, '2018-10-09 11:56:40', '2018-10-09 11:56:40'),
(111, 'aliquam', 'A illo repellendus et beatae dolorem odit. Adipisci nobis consectetur reprehenderit facilis libero adipisci. Blanditiis cupiditate et distinctio aperiam dolores perferendis qui exercitationem.', 485, 3, 25, '2018-10-09 11:56:40', '2018-10-09 11:56:40'),
(112, 'harum', 'Consequatur voluptas cum sapiente ratione. Quod qui quae ea aut vel laborum qui. Ea nemo hic debitis dolores qui est tempora. Eaque soluta aliquid culpa nemo accusamus dolore vero.', 336, 8, 24, '2018-10-09 11:56:40', '2018-10-09 11:56:40'),
(113, 'dicta', 'Ullam earum deserunt eum et. Voluptates nam molestiae aut quibusdam officia quibusdam dolor. Dolore optio optio qui hic rerum optio sit.', 635, 1, 19, '2018-10-09 11:56:40', '2018-10-09 11:56:40'),
(114, 'laborum', 'Odit et voluptatem sunt quo quia et. Atque inventore perferendis nulla temporibus. Quibusdam quas sapiente tempora quam temporibus quidem.', 470, 8, 22, '2018-10-09 11:56:40', '2018-10-09 11:56:40'),
(115, 'numquam', 'Quidem non at modi quidem iure. Adipisci minus aut non. Voluptas sit mollitia libero ex enim velit. Voluptate ab est quia rerum accusantium quia.', 888, 3, 4, '2018-10-09 11:56:40', '2018-10-09 11:56:40'),
(116, 'placeat', 'Quo asperiores vero aut illum nam. A accusantium amet non esse est sed explicabo dolorem. Nemo autem et et nemo.', 392, 7, 25, '2018-10-09 11:56:40', '2018-10-09 11:56:40'),
(117, 'itaque', 'Qui laudantium voluptatem ut et eos. Et aliquid sunt voluptates quidem. Placeat a animi sit rem laborum ut laborum.', 465, 8, 25, '2018-10-09 11:56:40', '2018-10-09 11:56:40'),
(118, 'aut', 'Rerum voluptatibus earum incidunt laborum in quod saepe. Qui laboriosam sit et quidem aut at. Ut velit sequi fuga dignissimos sapiente praesentium. Voluptas accusantium sunt iusto iusto dolores voluptate.', 710, 2, 18, '2018-10-09 11:56:40', '2018-10-09 11:56:40'),
(119, 'nam', 'Fuga ipsam aspernatur enim est dignissimos. Nihil autem aut quia in quam exercitationem dignissimos. Aut ipsum sunt labore corporis non necessitatibus libero.', 278, 3, 17, '2018-10-09 11:56:40', '2018-10-09 11:56:40'),
(120, 'vitae', 'Sint ex voluptatem aut nemo. Ea sint eveniet praesentium iste consequuntur. Qui quia adipisci excepturi aut. Non veniam libero accusantium omnis est dolore aut.', 294, 1, 22, '2018-10-09 11:56:40', '2018-10-09 11:56:40'),
(121, 'quia', 'Molestiae inventore sed non deleniti qui enim. Aliquam rerum placeat amet molestiae enim rerum aperiam. Laudantium aut necessitatibus numquam neque sed ut. Quam id ea fuga alias sequi nulla eos. Aut amet occaecati officiis autem rem.', 961, 1, 4, '2018-10-09 11:56:40', '2018-10-09 11:56:40'),
(122, 'cupiditate', 'Commodi assumenda aperiam est rerum repudiandae natus rem. Nemo quod qui qui assumenda. Atque aut velit et explicabo sunt.', 183, 2, 8, '2018-10-09 11:56:40', '2018-10-09 11:56:40'),
(123, 'vero', 'Architecto iure doloremque illum quia quis qui aut consectetur. Quaerat rerum et non odit iusto sit facilis inventore. Hic dolor voluptas sed. Facilis esse soluta vel temporibus sapiente est libero. Voluptatem repellat repellendus et est et.', 853, 9, 12, '2018-10-09 11:56:40', '2018-10-09 11:56:40'),
(124, 'est', 'Praesentium officiis eos ullam. Enim commodi quas veniam saepe labore. Molestiae quasi cum aut accusamus quidem repudiandae.', 962, 7, 14, '2018-10-09 11:56:40', '2018-10-09 11:56:40'),
(125, 'esse', 'Voluptas velit officiis voluptatem nam ducimus et possimus. Voluptas incidunt modi ducimus voluptatem est et nesciunt. Repellendus ipsa repellendus expedita. Deleniti sit quidem ratione.', 678, 0, 24, '2018-10-09 11:56:40', '2018-10-09 11:56:40'),
(126, 'velit', 'Quia sed ut error at voluptas non dolorem. Aut consequatur aut placeat dignissimos. Ut et ipsam consequuntur voluptas qui.', 915, 7, 9, '2018-10-09 11:56:40', '2018-10-09 11:56:40'),
(127, 'cum', 'Neque sit placeat doloremque aut odio et corrupti. Quia consequatur alias voluptatum iste molestias possimus soluta. Est architecto dolore sed nostrum. Non repellendus reiciendis rem a ex.', 619, 3, 9, '2018-10-09 11:56:40', '2018-10-09 11:56:40'),
(128, 'non', 'Expedita adipisci fuga quod est. Doloribus autem et rem id sunt aut dolorem. Tempora nisi aut inventore recusandae similique.', 955, 4, 25, '2018-10-09 11:56:40', '2018-10-09 11:56:40'),
(129, 'iste', 'Occaecati dolorum aut occaecati sint molestias ut deleniti. Dolore ea sit eos omnis ullam in. Non asperiores velit modi ut totam.', 279, 3, 6, '2018-10-09 11:56:40', '2018-10-09 11:56:40'),
(130, 'repellendus', 'Amet ipsam et ea ut aperiam. Atque nihil molestiae temporibus voluptatem sed ut omnis fuga. Omnis voluptatem illum et voluptatem inventore quaerat voluptatem. Qui quo veritatis ducimus.', 812, 3, 10, '2018-10-09 11:56:40', '2018-10-09 11:56:40'),
(131, 'tenetur', 'Velit ut labore quam voluptas odit odit sint. Vitae explicabo ut harum similique excepturi illo voluptatem. Et et delectus nam quas. Laboriosam ipsum molestias nihil suscipit quod provident asperiores.', 742, 0, 6, '2018-10-09 11:56:40', '2018-10-09 11:56:40'),
(132, 'rerum', 'Quasi accusamus quis eius corporis quod sapiente eos. Sed dicta pariatur deleniti voluptatem ut. Possimus doloribus alias eveniet impedit et occaecati omnis. Impedit pariatur omnis natus ut quibusdam non quo repellendus.', 404, 9, 4, '2018-10-09 11:56:40', '2018-10-09 11:56:40'),
(133, 'iste', 'Nulla ut nihil doloribus aut dolor rerum officiis iure. Aut fuga et ut repellendus. Aut voluptatem ea assumenda facere est. Quia id sunt non qui.', 533, 7, 23, '2018-10-09 11:56:40', '2018-10-09 11:56:40'),
(134, 'id', 'Magni consequatur consectetur ipsa atque placeat necessitatibus qui dolores. Nam magni et sit sed et. Nihil et mollitia eius maxime iure dolorum.', 888, 0, 9, '2018-10-09 11:56:40', '2018-10-09 11:56:40'),
(135, 'facilis', 'Et ut dolorem quod nihil. Eaque omnis ex et mollitia aperiam voluptas ex omnis.', 950, 6, 26, '2018-10-09 11:56:40', '2018-10-09 11:56:40'),
(136, 'ad', 'Necessitatibus non blanditiis qui aut perspiciatis odio. Nesciunt dolor et animi eum et aliquam perferendis. Ex ipsa tenetur molestias. Incidunt numquam vel consequuntur et ea error.', 208, 1, 4, '2018-10-09 11:56:40', '2018-10-09 11:56:40'),
(137, 'dolores', 'Impedit facere aut et quos esse. Adipisci perspiciatis voluptatem et voluptatem dolore quam quae. Neque facilis alias aut. Beatae nostrum eos exercitationem non possimus. Quod aut et distinctio accusantium.', 956, 5, 19, '2018-10-09 11:56:40', '2018-10-09 11:56:40'),
(138, 'et', 'Quo maiores qui iste est voluptatem sint. Perferendis qui sapiente dolores. Ea ex fuga unde ad quasi. Aliquam quibusdam fugit dolores quisquam aut.', 634, 2, 28, '2018-10-09 11:56:41', '2018-10-09 11:56:41'),
(139, 'alias', 'Officiis temporibus ducimus et sed laudantium id modi. Nihil sapiente provident nisi fugiat reprehenderit. Voluptatem omnis inventore aut est quidem doloremque sint. Ab ut aliquam dolor dolorum.', 196, 7, 28, '2018-10-09 11:56:41', '2018-10-09 11:56:41'),
(140, 'accusantium', 'Cupiditate rerum maiores nulla aut voluptatum molestiae. Autem hic dignissimos aspernatur eos doloribus voluptas. Minus ea velit ea incidunt quo. Perspiciatis sapiente sit vero soluta culpa corporis.', 785, 1, 5, '2018-10-09 11:56:41', '2018-10-09 11:56:41'),
(141, 'sapiente', 'Excepturi repudiandae ullam nobis cupiditate natus. Aliquam corrupti explicabo molestiae exercitationem et sed. Vel porro dignissimos voluptas sit magnam in. Voluptas maiores quis ad iusto qui quia minima.', 357, 3, 7, '2018-10-09 11:56:41', '2018-10-09 11:56:41'),
(142, 'quia', 'Officia sit nulla quis eligendi ut. Ipsa possimus qui tempore dolorem ipsam atque. Aut ipsum voluptatem accusantium illum non laborum recusandae.', 203, 8, 28, '2018-10-09 11:56:41', '2018-10-09 11:56:41'),
(143, 'facere', 'Odio illo reprehenderit dolores. Sint impedit architecto cupiditate et reprehenderit sapiente. Velit accusamus sed veniam qui laborum excepturi dolores vitae.', 244, 4, 8, '2018-10-09 11:56:41', '2018-10-09 11:56:41'),
(144, 'eum', 'Et et tempore dolor aliquam explicabo. Quo impedit enim est magnam odio ad nostrum quia. Officia ut quasi nihil vero. Quia nulla qui temporibus rem voluptas ut consequatur.', 843, 1, 22, '2018-10-09 11:56:41', '2018-10-09 11:56:41'),
(145, 'deleniti', 'Ipsa qui modi dignissimos. Quaerat id aut laborum sed dolores. Numquam possimus quas sapiente est.', 252, 2, 6, '2018-10-09 11:56:41', '2018-10-09 11:56:41'),
(146, 'quos', 'Reiciendis praesentium et quo eveniet laboriosam enim doloribus. Quia aut repellendus quo perspiciatis sed fugit. Labore libero expedita autem aspernatur dolor ea. Nobis excepturi et ut.', 818, 6, 22, '2018-10-09 11:56:41', '2018-10-09 11:56:41'),
(147, 'exercitationem', 'Praesentium et sequi reprehenderit impedit molestiae repudiandae. Perferendis expedita maiores beatae nesciunt commodi molestiae. Qui possimus maxime autem voluptatem pariatur. Eligendi vel et illum ut repudiandae veniam. Totam laudantium quae enim soluta cum totam ut.', 956, 0, 4, '2018-10-09 11:56:41', '2018-10-09 11:56:41'),
(148, 'velit', 'Sint illum quasi sint excepturi quidem officiis quo in. Voluptatem earum sint rem eaque.', 699, 1, 20, '2018-10-09 11:56:41', '2018-10-09 11:56:41'),
(149, 'voluptas', 'Dolores magnam saepe accusantium veritatis voluptatem. Eum adipisci doloremque facere autem. Et vero ducimus qui laborum neque.', 860, 4, 22, '2018-10-09 11:56:41', '2018-10-09 11:56:41'),
(150, 'odit', 'Voluptatibus quos fugiat magni repudiandae quod voluptates voluptas voluptatem. Tempora doloribus voluptate provident inventore voluptatem a exercitationem temporibus. Quo quaerat odio laboriosam odio ea eos.', 957, 3, 4, '2018-10-09 11:56:41', '2018-10-09 11:56:41'),
(151, 'consequatur', 'Consectetur unde at delectus dolorem. Ipsam recusandae voluptas perspiciatis expedita id minus. Exercitationem sapiente accusamus assumenda et ipsum. Accusamus sed voluptatem consequatur doloribus voluptas. Aut non pariatur vel voluptates.', 803, 9, 4, '2018-10-09 11:59:39', '2018-10-09 11:59:39'),
(152, 'sunt', 'Aut qui magnam provident. Quo cupiditate repudiandae ut beatae dicta earum odio. Beatae quam aut recusandae eum.', 834, 0, 11, '2018-10-09 11:59:39', '2018-10-09 11:59:39'),
(153, 'ipsam', 'Eum fuga aspernatur occaecati et et cumque reprehenderit. Asperiores harum reiciendis omnis. Maxime est ad a quia asperiores. Doloremque vel est sed sit sit ipsa.', 300, 3, 2, '2018-10-09 11:59:39', '2018-10-09 11:59:39'),
(154, 'omnis', 'Odio eaque sunt voluptatem iure ipsa laboriosam. Ut sequi occaecati mollitia rem. Libero id harum hic iure. Aliquam debitis est nam aliquid qui optio ducimus.', 776, 7, 21, '2018-10-09 11:59:40', '2018-10-09 11:59:40'),
(155, 'ea', 'Aliquam quis in nulla delectus. Sapiente numquam ut sed nostrum doloremque quis fugiat tempora. Accusantium incidunt assumenda vel hic distinctio vero.', 766, 2, 21, '2018-10-09 11:59:40', '2018-10-09 11:59:40'),
(156, 'laboriosam', 'Quam expedita ut inventore accusamus et architecto. Dolores incidunt qui in quia. Aperiam eius dolorem deserunt eveniet consequatur blanditiis id.', 180, 1, 27, '2018-10-09 11:59:40', '2018-10-09 11:59:40'),
(157, 'natus', 'Repudiandae reprehenderit voluptatem non laborum corrupti excepturi mollitia. Harum corrupti fugiat et in officiis. Reiciendis incidunt velit consequatur non ipsa quod. Voluptas hic voluptatem et qui qui earum.', 447, 6, 19, '2018-10-09 11:59:40', '2018-10-09 11:59:40'),
(158, 'voluptas', 'Quia officiis ipsa aut quos. Ut ut placeat ut. Repellendus aut et est ut. Enim qui pariatur et autem exercitationem.', 446, 6, 7, '2018-10-09 11:59:40', '2018-10-09 11:59:40'),
(159, 'quis', 'Voluptate unde sed ut ut ratione tempora aut. Quaerat dolores qui quasi. Distinctio voluptas est quia non voluptatum.', 446, 2, 16, '2018-10-09 11:59:40', '2018-10-09 11:59:40'),
(160, 'et', 'Maiores et autem exercitationem nostrum. Enim aut doloribus assumenda nisi mollitia qui deserunt.', 971, 7, 21, '2018-10-09 11:59:40', '2018-10-09 11:59:40'),
(161, 'fuga', 'Non aut aliquam atque aut harum excepturi facere. Doloribus velit velit illo explicabo provident odio fugiat adipisci. Rerum dignissimos soluta sapiente cum alias ut et.', 787, 2, 30, '2018-10-09 11:59:40', '2018-10-09 11:59:40'),
(162, 'laborum', 'Velit inventore totam dolorem incidunt. Voluptates ea a accusantium sit nulla omnis vitae.', 910, 6, 29, '2018-10-09 11:59:40', '2018-10-09 11:59:40'),
(163, 'qui', 'Voluptates accusantium occaecati culpa ut id aliquid id officia. Impedit quia qui qui impedit quo voluptas. Odit corporis enim velit ex exercitationem ea ea.', 694, 6, 4, '2018-10-09 11:59:40', '2018-10-09 11:59:40'),
(164, 'optio', 'Voluptatibus veniam quidem molestias accusamus perferendis qui vitae. Ipsa eos nemo ipsum. Quis explicabo et quia quidem. Repudiandae voluptatum repellendus recusandae eos consequatur suscipit velit.', 931, 1, 16, '2018-10-09 11:59:40', '2018-10-09 11:59:40'),
(165, 'illum', 'Labore magni vel porro sapiente ipsam. Reprehenderit aspernatur qui accusamus vero magni aut. Exercitationem praesentium et eos omnis. Officiis est consequuntur sunt natus perspiciatis ducimus.', 480, 7, 14, '2018-10-09 11:59:40', '2018-10-09 11:59:40'),
(166, 'aliquid', 'Non distinctio voluptas aut velit. Consectetur nisi nulla tempora inventore quis corporis itaque. Harum quasi nihil ad. Officia odit laudantium est est. Doloribus ipsa nemo reiciendis saepe ducimus ut nihil.', 334, 3, 18, '2018-10-09 11:59:40', '2018-10-09 11:59:40'),
(167, 'tenetur', 'Corrupti laborum et sapiente non autem. Dolore consequatur et quia aut rerum. Recusandae eveniet eum occaecati tenetur eos voluptates fugiat et.', 450, 8, 27, '2018-10-09 11:59:40', '2018-10-09 11:59:40'),
(168, 'voluptate', 'Maiores cupiditate quas libero architecto corporis nemo dicta. Qui sed aut aut vitae ad necessitatibus voluptates. Doloribus magni quidem dolorem non in sapiente exercitationem.', 322, 5, 8, '2018-10-09 11:59:40', '2018-10-09 11:59:40'),
(169, 'ut', 'Molestias cupiditate neque officiis iusto iusto temporibus. Optio ex eaque explicabo voluptatem officiis adipisci. Modi itaque molestiae vel itaque. Dolor occaecati assumenda vel aut aut est.', 760, 3, 10, '2018-10-09 11:59:40', '2018-10-09 11:59:40'),
(170, 'quas', 'Ea aut ex sed. Esse enim eum molestias ipsam eum modi pariatur. Ea aut rerum autem ut culpa impedit culpa modi. Aut labore laborum sapiente natus quaerat dignissimos et.', 680, 6, 23, '2018-10-09 11:59:40', '2018-10-09 11:59:40'),
(171, 'ex', 'Consequatur magni voluptas consequatur id ea et. Soluta non ducimus omnis sunt voluptatem dolorum ipsum. Impedit debitis dolorum quos exercitationem et eaque. Praesentium iure commodi nesciunt omnis neque. Molestias vel harum occaecati porro.', 527, 9, 15, '2018-10-09 11:59:40', '2018-10-09 11:59:40'),
(172, 'voluptas', 'Praesentium et inventore aliquid praesentium non fugiat dolores. Itaque ut quod eaque eum. Deleniti laborum quos qui laudantium nam voluptas ducimus. Dolore aut assumenda non voluptatem velit molestiae a. At minus iste culpa sint.', 989, 0, 4, '2018-10-09 11:59:40', '2018-10-09 11:59:40'),
(173, 'minima', 'Natus aut aut excepturi. Consectetur aut vel facilis cum. Voluptas quae ea tempore qui. Et cupiditate perferendis voluptatem harum vitae autem nulla. Reiciendis odio reiciendis ut enim iusto.', 943, 8, 7, '2018-10-09 11:59:40', '2018-10-09 11:59:40'),
(174, 'nesciunt', 'Harum provident deleniti reprehenderit incidunt. Quia sed quis sed voluptates dolore autem. Ut sequi et odio est ipsa tempore. Reprehenderit non et veniam. Ratione ullam provident voluptas non et vero dignissimos consequatur.', 597, 6, 27, '2018-10-09 11:59:40', '2018-10-09 11:59:40'),
(175, 'soluta', 'Qui non sit velit ut dolores enim. In et eveniet quis id. Omnis exercitationem at voluptas similique ut cumque quidem quod. Rerum impedit molestias quidem ut.', 820, 0, 7, '2018-10-09 11:59:40', '2018-10-09 11:59:40'),
(176, 'omnis', 'Quis voluptas eos sint unde. Voluptatibus sequi velit nemo aut exercitationem accusantium magnam. Id ducimus eveniet consequuntur voluptas molestias sunt itaque neque. Ut cumque modi deserunt sunt.', 266, 6, 15, '2018-10-09 11:59:40', '2018-10-09 11:59:40'),
(177, 'ea', 'Natus quis nemo nisi dolores. Eveniet aut dolorem excepturi voluptate commodi pariatur doloremque.', 395, 8, 6, '2018-10-09 11:59:40', '2018-10-09 11:59:40'),
(178, 'sint', 'Nisi in laborum neque consequuntur qui ducimus. Quas error eum alias eum earum. Consequatur fugit sit repudiandae. Nemo mollitia vel pariatur magnam non.', 662, 9, 2, '2018-10-09 11:59:40', '2018-10-09 11:59:40'),
(179, 'dolores', 'Sapiente distinctio quos et ea tempore. Architecto ut nisi aut et et dolorem. Vel nisi voluptatum sit nostrum aspernatur id explicabo.', 962, 7, 5, '2018-10-09 11:59:40', '2018-10-09 11:59:40'),
(180, 'perferendis', 'At necessitatibus totam soluta sed molestiae. Dicta nulla repellat numquam. Qui eligendi optio mollitia deleniti sint. Dolorem cum laudantium possimus qui sed alias suscipit. Voluptas qui molestias qui deleniti ratione molestiae exercitationem.', 562, 2, 11, '2018-10-09 11:59:40', '2018-10-09 11:59:40'),
(181, 'quia', 'Eos aut cum odit eveniet. Tenetur accusantium ut aperiam veritatis animi. Libero fuga ex pariatur sunt et. Nulla et ea consequatur quam minima distinctio et.', 612, 0, 29, '2018-10-09 11:59:40', '2018-10-09 11:59:40'),
(182, 'commodi', 'Ex consequatur sit nemo qui necessitatibus autem incidunt delectus. Voluptatem non ullam autem sunt consequatur ipsa nihil nulla. Quam omnis accusantium minus mollitia et sed. Voluptate et enim sapiente id voluptatem.', 184, 7, 30, '2018-10-09 11:59:40', '2018-10-09 11:59:40'),
(183, 'minima', 'Odit expedita cum laboriosam et consequatur quo quos quia. Eos aliquid ex aut est architecto voluptas id. Illum quod deserunt reiciendis ad.', 411, 2, 12, '2018-10-09 11:59:40', '2018-10-09 11:59:40'),
(184, 'distinctio', 'Facilis exercitationem optio quae rerum tempore veritatis. Voluptate laborum voluptas rerum est aut rerum sit. Aliquam id eum accusantium et qui molestiae accusantium.', 467, 5, 16, '2018-10-09 11:59:40', '2018-10-09 11:59:40'),
(185, 'similique', 'Omnis eligendi cupiditate praesentium totam. Itaque laboriosam eius enim iste aut maxime. In dolorem suscipit non laudantium non quis et. Quam autem aut alias corrupti.', 614, 2, 28, '2018-10-09 11:59:40', '2018-10-09 11:59:40'),
(186, 'molestiae', 'Suscipit eveniet dolorem vel sapiente. Praesentium molestiae debitis laborum quos quaerat consequatur soluta ipsum.', 441, 5, 14, '2018-10-09 11:59:40', '2018-10-09 11:59:40'),
(187, 'ea', 'Soluta accusantium non laboriosam a quo modi id. Officia non minus sapiente nisi officia saepe sit. Incidunt nisi exercitationem nam. Sunt sapiente aspernatur dolorem iure.', 238, 0, 25, '2018-10-09 11:59:40', '2018-10-09 11:59:40'),
(188, 'quasi', 'Eos deserunt suscipit eius explicabo omnis placeat. Nostrum incidunt temporibus culpa quae. Perspiciatis ut repellendus exercitationem doloremque ut porro. Voluptatum incidunt temporibus quisquam animi vel.', 894, 5, 5, '2018-10-09 11:59:41', '2018-10-09 11:59:41'),
(189, 'odit', 'Quia explicabo dolorum ipsum qui. Sit harum illo ut repellat. At et tempore incidunt dolores eveniet placeat eaque. Modi accusantium natus nemo. Rerum omnis voluptas mollitia iste aut culpa magni.', 508, 7, 5, '2018-10-09 11:59:41', '2018-10-09 11:59:41'),
(190, 'consequatur', 'Hic aliquid quidem et eum. Sit in expedita tenetur vel incidunt molestiae illum. Vel est rem dolorem totam et voluptatem.', 925, 9, 23, '2018-10-09 11:59:41', '2018-10-09 11:59:41'),
(191, 'sunt', 'Nesciunt vel nesciunt aut et distinctio quisquam. Molestiae voluptatem perspiciatis necessitatibus modi. Non ipsa autem quas nesciunt totam.', 154, 7, 14, '2018-10-09 11:59:41', '2018-10-09 11:59:41'),
(192, 'modi', 'Repellendus occaecati qui repellat ullam deserunt. Accusamus et animi velit perferendis est in est. Fugiat quos et rerum totam minus quasi rerum.', 663, 0, 15, '2018-10-09 11:59:41', '2018-10-09 11:59:41'),
(193, 'perspiciatis', 'Hic corporis temporibus excepturi ut aut accusantium. Culpa cum quis voluptatem laborum beatae omnis. Et tempora deserunt qui labore omnis.', 216, 7, 23, '2018-10-09 11:59:41', '2018-10-09 11:59:41'),
(194, 'quas', 'Ut maxime ut officia harum debitis. Voluptas aut voluptate temporibus nulla nisi. Et explicabo est temporibus. Qui et quis voluptates sint.', 284, 6, 11, '2018-10-09 11:59:41', '2018-10-09 11:59:41'),
(195, 'voluptatem', 'Doloribus eos et qui alias repellendus. Qui saepe aut delectus minus eos qui consectetur. Tempore nihil aut et officia. Omnis facilis assumenda maxime iure tempore tempore laudantium.', 479, 2, 23, '2018-10-09 11:59:41', '2018-10-09 11:59:41'),
(196, 'voluptatibus', 'Doloremque totam numquam quos ullam porro aspernatur placeat. Reiciendis quo facilis laudantium. Quo consectetur soluta autem numquam. Neque architecto repellendus omnis fugit quos est.', 482, 3, 19, '2018-10-09 11:59:41', '2018-10-09 11:59:41'),
(197, 'perferendis', 'Rerum aut qui adipisci natus qui. Nihil qui similique veritatis dolorem. Dolorem nihil totam impedit maxime neque iure et ut. Suscipit sapiente quia alias libero quos itaque et.', 445, 9, 14, '2018-10-09 11:59:41', '2018-10-09 11:59:41'),
(198, 'ipsam', 'Iure quidem cum amet voluptatem eveniet quaerat cumque dolore. Porro repudiandae corrupti numquam accusamus ratione aperiam. Et pariatur cum quo dignissimos. Iusto consequatur maiores voluptatem numquam.', 277, 5, 8, '2018-10-09 11:59:41', '2018-10-09 11:59:41'),
(199, 'atque', 'Voluptate suscipit eos omnis quos omnis eos consequatur. Et excepturi corporis placeat aliquid repellendus exercitationem. Excepturi illum quisquam numquam dolorum. Error sed sit similique quia qui voluptate quis iste.', 632, 3, 21, '2018-10-09 11:59:41', '2018-10-09 11:59:41'),
(200, 'aut', 'Sed reprehenderit exercitationem magnam doloremque impedit perspiciatis. Molestiae laudantium rem maxime saepe reprehenderit. Beatae tempore odit quisquam iusto recusandae qui aut et.', 787, 0, 25, '2018-10-09 11:59:41', '2018-10-09 11:59:41');

-- --------------------------------------------------------

--
-- Table structure for table `reviews`
--

CREATE TABLE `reviews` (
  `id` int(10) UNSIGNED NOT NULL,
  `product_id` int(10) UNSIGNED NOT NULL,
  `customer` varchar(191) COLLATE utf8mb4_unicode_ci NOT NULL,
  `review` text COLLATE utf8mb4_unicode_ci NOT NULL,
  `star` int(11) NOT NULL,
  `created_at` timestamp NULL DEFAULT NULL,
  `updated_at` timestamp NULL DEFAULT NULL
) ENGINE=InnoDB DEFAULT CHARSET=utf8mb4 COLLATE=utf8mb4_unicode_ci;

--
-- Dumping data for table `reviews`
--

INSERT INTO `reviews` (`id`, `product_id`, `customer`, `review`, `star`, `created_at`, `updated_at`) VALUES
(1, 79, 'Dr. Toby Zieme II', 'Et quia facere sit qui. Molestiae reprehenderit eveniet aut voluptatem nobis qui. Laboriosam explicabo fuga corporis et. Nulla autem sed ut error autem architecto.', 5, '2018-10-09 11:59:42', '2018-10-09 11:59:42'),
(2, 57, 'Dagmar Grant PhD', 'Laudantium sit itaque magni praesentium dignissimos voluptates praesentium et. Ipsam quia omnis sequi porro numquam et. Nesciunt neque illum qui quidem nihil incidunt.', 5, '2018-10-09 11:59:42', '2018-10-09 11:59:42'),
(3, 129, 'Greyson Kshlerin', 'Ut sed atque tempore eum illo. Error soluta dolores voluptatem et. Ratione occaecati et tempore error incidunt in nulla.', 4, '2018-10-09 11:59:42', '2018-10-09 11:59:42'),
(4, 53, 'Jalon Leuschke II', 'Veniam veritatis rerum eos explicabo. Eum ipsa tempore non rerum non. Maiores saepe molestiae minus facilis eveniet.', 5, '2018-10-09 11:59:42', '2018-10-09 11:59:42'),
(5, 13, 'Melvin Purdy', 'Eveniet animi culpa est sed ad nihil alias. Quae fugit dolorem quisquam voluptas quia eos qui. Voluptas est totam ipsum neque. Molestias blanditiis rerum assumenda officiis veritatis corporis non.', 2, '2018-10-09 11:59:42', '2018-10-09 11:59:42'),
(6, 27, 'Hulda Cartwright', 'At accusantium in exercitationem eum optio. Quo cum nulla qui quisquam laborum enim soluta. Est qui esse recusandae totam. Praesentium saepe aliquid veritatis quis aspernatur consequuntur.', 0, '2018-10-09 11:59:42', '2018-10-09 11:59:42'),
(7, 200, 'Ole Metz DVM', 'Quas dignissimos qui sequi aut rerum molestiae. Aliquid animi vitae provident nam consequatur inventore est. Itaque eius beatae placeat cumque commodi animi quae.', 4, '2018-10-09 11:59:42', '2018-10-09 11:59:42'),
(8, 66, 'Aaliyah Towne III', 'Cupiditate explicabo nulla expedita aut nobis corporis excepturi. Quia earum officia impedit error laboriosam aut dolorum.', 4, '2018-10-09 11:59:42', '2018-10-09 11:59:42'),
(9, 122, 'Dr. Bailey Cremin I', 'Accusantium reprehenderit quia et vel deserunt at nihil. Voluptatum aspernatur fugiat necessitatibus sint. Voluptates accusamus inventore blanditiis dolores a maxime sint. Ut delectus modi libero harum.', 0, '2018-10-09 11:59:42', '2018-10-09 11:59:42'),
(10, 103, 'Miss Queen Monahan', 'Eligendi et consectetur non officiis. Nihil vitae quis architecto voluptate beatae eaque ipsum. Est et amet cupiditate quia. Maxime quis qui quia sit qui corrupti sit.', 3, '2018-10-09 11:59:42', '2018-10-09 11:59:42'),
(11, 164, 'Norris Bayer', 'Alias beatae saepe praesentium aut expedita dolorem. Est quis aut sint est dignissimos qui quia. Fugiat odit impedit aut placeat.', 5, '2018-10-09 11:59:42', '2018-10-09 11:59:42'),
(12, 148, 'Miss Katelin Witting III', 'Quas explicabo in omnis omnis alias debitis temporibus. Omnis repellat non maxime ratione sed delectus enim. Qui consequuntur dolor dolorum facere ipsum quos. Omnis voluptate ut beatae repellat explicabo eos. Illo dolor nobis est.', 5, '2018-10-09 11:59:42', '2018-10-09 11:59:42'),
(13, 145, 'Arnulfo Thompson', 'Deleniti velit aut voluptatem qui quaerat. Ipsam quos odio architecto excepturi ad. Sequi corrupti voluptatem voluptates. Rerum eligendi qui ut illum. Perferendis officiis aliquid ut repudiandae sunt molestiae atque est.', 1, '2018-10-09 11:59:42', '2018-10-09 11:59:42'),
(14, 138, 'Domenico Lesch', 'Exercitationem dolore cum molestiae amet perspiciatis nostrum. Hic atque sed quo et suscipit. Occaecati dignissimos quis blanditiis temporibus minus dolore nobis.', 0, '2018-10-09 11:59:42', '2018-10-09 11:59:42'),
(15, 167, 'Earnest Hyatt', 'Aliquam similique sed amet. Illo quis impedit est delectus veniam omnis reprehenderit. Eaque exercitationem et natus vel sed. Similique vel qui necessitatibus perspiciatis ut laudantium.', 5, '2018-10-09 11:59:42', '2018-10-09 11:59:42'),
(16, 15, 'Axel Schmeler', 'Quia sequi nisi laboriosam fuga magnam consequatur ipsam. Voluptatem possimus assumenda eaque debitis odit sunt ut. Et aut est libero aliquid id in autem veritatis.', 2, '2018-10-09 11:59:42', '2018-10-09 11:59:42'),
(17, 4, 'Orlo Altenwerth', 'Culpa voluptatibus atque aspernatur omnis. Fugiat minima quia aut qui.', 5, '2018-10-09 11:59:42', '2018-10-09 11:59:42'),
(18, 129, 'Marley Mills', 'Reiciendis vitae non aspernatur quam. Aut amet perspiciatis distinctio natus est qui tempora. Nemo voluptas sit animi cumque dolorem. Cum sed nesciunt id cumque pariatur doloremque optio.', 0, '2018-10-09 11:59:42', '2018-10-09 11:59:42'),
(19, 134, 'Kiera Kub', 'Qui omnis et aut. Qui consectetur minus qui excepturi. Ab rerum quis tenetur aliquid accusantium ut illum voluptas.', 0, '2018-10-09 11:59:42', '2018-10-09 11:59:42'),
(20, 52, 'Tito Spinka', 'Velit aut ducimus amet sequi aliquid. Soluta quaerat eaque consectetur et. Distinctio fugiat tenetur omnis qui eligendi deleniti.', 5, '2018-10-09 11:59:42', '2018-10-09 11:59:42'),
(21, 195, 'Mr. Tyler Bosco PhD', 'Laborum ut illo accusantium. Et temporibus autem qui et eius fugit pariatur.', 2, '2018-10-09 11:59:42', '2018-10-09 11:59:42'),
(22, 79, 'Julia Fritsch', 'Id cum maxime nam molestias vero. Qui quia voluptatibus accusamus voluptatum cupiditate. Sit delectus nulla qui quibusdam. Placeat dolores qui voluptas sed debitis at debitis.', 2, '2018-10-09 11:59:43', '2018-10-09 11:59:43'),
(23, 172, 'Keon Donnelly', 'Nihil et harum qui dolorem repellendus amet rem. Doloremque voluptatem quibusdam beatae aliquid. Magni quam porro accusantium delectus eveniet eum. In est sed occaecati error nobis ut eveniet. Inventore recusandae accusamus eius saepe saepe sunt soluta.', 3, '2018-10-09 11:59:43', '2018-10-09 11:59:43'),
(24, 39, 'Liliana Torphy', 'Modi doloremque expedita dolor. Doloribus a quam fugiat nesciunt ut et. Nihil laborum neque ea est qui non. Possimus quo explicabo animi repellat.', 2, '2018-10-09 11:59:43', '2018-10-09 11:59:43'),
(25, 28, 'Bonita Emard', 'Reiciendis laboriosam repellendus blanditiis ut est fugit fugit. Accusantium rerum rerum voluptates ut non vel. Voluptas ad illum suscipit aperiam labore. Vel nisi consequuntur qui et quidem.', 1, '2018-10-09 11:59:43', '2018-10-09 11:59:43'),
(26, 108, 'Wilhelm Hickle II', 'Harum nihil consequatur voluptatem eos. Doloremque doloremque dolorem incidunt in aut. Distinctio quis harum corrupti consequuntur omnis labore qui.', 4, '2018-10-09 11:59:43', '2018-10-09 11:59:43'),
(27, 23, 'Mr. Jeffrey Bernier I', 'Voluptatem iste esse vel molestias. Eum tenetur maxime est voluptates cumque dicta et. Placeat non sit consequatur saepe omnis quia. Praesentium nobis at quisquam eius.', 2, '2018-10-09 11:59:43', '2018-10-09 11:59:43'),
(28, 1, 'Jayson McDermott', 'In consequatur laudantium ut vero. Cum ducimus repellendus quo. Et doloremque eveniet expedita aut rerum sed nobis aut.', 3, '2018-10-09 11:59:43', '2018-10-09 11:59:43'),
(29, 9, 'Kathryn Harris', 'Odio deleniti quaerat quasi voluptas maiores mollitia. Maxime rerum voluptas praesentium modi.', 2, '2018-10-09 11:59:43', '2018-10-09 11:59:43'),
(30, 20, 'Prof. Valentin Roob I', 'Qui id consectetur et. Quia fuga voluptatem rerum. Asperiores dolor et et facilis. Nam qui ut voluptatem id.', 5, '2018-10-09 11:59:43', '2018-10-09 11:59:43'),
(31, 60, 'Leda Stroman', 'Labore velit molestiae molestiae possimus odit aliquam nostrum. Consequatur consectetur et animi quis voluptas. Ut illo aperiam consectetur cupiditate necessitatibus numquam dolor. Enim in et atque.', 4, '2018-10-09 11:59:43', '2018-10-09 11:59:43'),
(32, 161, 'Barry King', 'Impedit nam rerum nihil est. Ut voluptatem esse dolores sunt delectus.', 1, '2018-10-09 11:59:43', '2018-10-09 11:59:43'),
(33, 151, 'Lue Reinger DVM', 'Dolorum sit saepe nobis ratione deserunt et sunt. Harum voluptatem illo nam ullam iure nihil. Est voluptates quam rerum et magnam delectus.', 3, '2018-10-09 11:59:43', '2018-10-09 11:59:43'),
(34, 174, 'Justen Larson', 'Molestiae accusamus commodi accusamus cum veritatis et id. Et voluptatibus qui et cumque molestias. Nulla mollitia qui voluptatem occaecati beatae sed. Est quibusdam error debitis laboriosam nemo voluptatem id consequatur.', 1, '2018-10-09 11:59:43', '2018-10-09 11:59:43'),
(35, 144, 'Kayley Wyman', 'Saepe consequatur eos sint ullam fugiat aut. Adipisci deserunt dolorem perspiciatis. Numquam rerum quia recusandae cum. Aperiam asperiores labore quam voluptates.', 5, '2018-10-09 11:59:43', '2018-10-09 11:59:43'),
(36, 31, 'Spencer Schmeler', 'Dolores optio ex commodi assumenda. Ipsam autem et magnam repudiandae a.', 3, '2018-10-09 11:59:43', '2018-10-09 11:59:43'),
(37, 189, 'Mr. Rowan Schimmel IV', 'Harum labore vero eos natus quia aut. Consequatur voluptatibus aliquam dolor ut temporibus quaerat maxime. Beatae eaque repudiandae vitae error corrupti qui expedita. Dolorem recusandae sint maxime ex.', 2, '2018-10-09 11:59:43', '2018-10-09 11:59:43'),
(38, 75, 'Edwin Weissnat', 'Saepe temporibus ad dolore blanditiis. Rem consequatur et delectus nemo et in quia. Cumque omnis tenetur saepe impedit sint. Qui fugit eligendi perspiciatis et distinctio.', 2, '2018-10-09 11:59:43', '2018-10-09 11:59:43'),
(39, 151, 'Virginie Hermiston', 'Et dolores fugiat vitae non in quo architecto. Ut ipsam accusamus dolore qui. Impedit est animi reiciendis minus.', 1, '2018-10-09 11:59:43', '2018-10-09 11:59:43'),
(40, 135, 'Coty Dietrich', 'Ratione omnis et ratione error. Ut accusantium nulla et ea. Quae voluptatum vel facere tenetur harum. Autem esse blanditiis dolorum tempora odio.', 2, '2018-10-09 11:59:43', '2018-10-09 11:59:43'),
(41, 39, 'Thora Kerluke', 'Fugiat aut animi aut voluptatem. Consequuntur illo sit quidem laudantium. Et officiis expedita fuga voluptatum minima. Sunt aut veniam est molestiae alias placeat.', 5, '2018-10-09 11:59:43', '2018-10-09 11:59:43'),
(42, 80, 'Mr. Ethan Terry', 'Magni voluptatem quibusdam nihil provident consequatur eos accusamus. Inventore aut numquam dolor occaecati. Pariatur cum aliquam perspiciatis est id. Voluptas minus quia exercitationem accusantium.', 4, '2018-10-09 11:59:43', '2018-10-09 11:59:43'),
(43, 17, 'Prof. Moses Beier MD', 'Debitis totam labore laborum totam. Incidunt nam aut illo iure suscipit provident ducimus. Sequi sed occaecati explicabo aut.', 1, '2018-10-09 11:59:43', '2018-10-09 11:59:43'),
(44, 136, 'Danny Harber', 'Cupiditate rerum asperiores saepe rem. Omnis aut cum est ut quia. Ullam doloribus eveniet quos nihil incidunt mollitia vel. Tempora sint excepturi id et sint.', 3, '2018-10-09 11:59:43', '2018-10-09 11:59:43'),
(45, 107, 'Prof. Arne Lubowitz', 'Quasi nulla dolor maiores ratione veniam error. Vero quisquam quidem dolor aliquid velit. Sit ex qui iste voluptates.', 2, '2018-10-09 11:59:43', '2018-10-09 11:59:43'),
(46, 174, 'Prof. Virginia Adams I', 'Ut iure illo architecto architecto molestiae a dolorem. Dolores aliquid ut quo ut. Esse excepturi ab minima ducimus sunt ducimus ut.', 1, '2018-10-09 11:59:43', '2018-10-09 11:59:43'),
(47, 146, 'Miss Calista Zulauf III', 'A non repellendus sed at est id est. Ut dolorem dolores sed est laborum dolor adipisci. Ut tempore ex quia recusandae explicabo autem. Architecto sint quisquam aut est vitae.', 5, '2018-10-09 11:59:43', '2018-10-09 11:59:43'),
(48, 180, 'Steve Mitchell', 'Omnis fuga et ratione adipisci dolor. Rem harum consequatur enim quam. Consequatur inventore enim libero consequatur ducimus reiciendis fugit.', 3, '2018-10-09 11:59:43', '2018-10-09 11:59:43'),
(49, 2, 'Kitty Spinka Sr.', 'Reiciendis at ea ut alias eius in. Maxime dolorem voluptate et id voluptate omnis officiis modi. Laudantium modi possimus et.', 3, '2018-10-09 11:59:43', '2018-10-09 11:59:43'),
(50, 43, 'Moshe Schumm', 'Veniam provident quas quibusdam iure eos et minima rerum. Voluptatum dolor eligendi sit et occaecati officia. Quaerat deleniti nisi perferendis debitis. Deserunt nesciunt numquam qui rerum cumque.', 3, '2018-10-09 11:59:43', '2018-10-09 11:59:43'),
(51, 134, 'Brown O\'Hara', 'Esse quaerat praesentium libero et ut ut error. Corporis dolorum magni reprehenderit corrupti illum voluptatem perferendis. Quia magnam praesentium dolorem ut.', 4, '2018-10-09 11:59:43', '2018-10-09 11:59:43'),
(52, 117, 'Josie Littel', 'Amet illo sint nam dolorem repellat deleniti aperiam. Pariatur in nostrum tenetur nam excepturi. Dolore quo soluta mollitia sapiente unde illum ut.', 2, '2018-10-09 11:59:43', '2018-10-09 11:59:43'),
(53, 47, 'Prof. Chadrick Zulauf', 'Voluptatum est voluptatem delectus rerum quo earum nostrum. Nulla non et reprehenderit ad natus et. Assumenda debitis possimus esse sunt. Nihil omnis quas magni aut exercitationem.', 5, '2018-10-09 11:59:43', '2018-10-09 11:59:43'),
(54, 99, 'Kaelyn Kovacek', 'Et quaerat dolorem vel harum odit eos quisquam. Expedita corrupti id et a repellat. Possimus sed repudiandae voluptate velit. Voluptatem eius et consequatur accusamus autem a eos optio.', 1, '2018-10-09 11:59:44', '2018-10-09 11:59:44'),
(55, 124, 'Rowan Blanda', 'Soluta sint in unde occaecati dolorum eos. Aperiam non minima rerum vitae quod corrupti veritatis. Aut tempore commodi quo sit. Qui esse consequuntur non blanditiis aut nihil.', 0, '2018-10-09 11:59:44', '2018-10-09 11:59:44'),
(56, 145, 'Jacynthe Kirlin', 'Perferendis aspernatur magnam a tempore optio. Eum sunt corrupti aperiam et culpa sed. Consequatur odit quis unde minima dolor.', 2, '2018-10-09 11:59:44', '2018-10-09 11:59:44'),
(57, 73, 'Cheyenne Dietrich', 'Suscipit sit animi sapiente quisquam velit eius. Ut neque ratione et. Eligendi eius quis ipsam sed assumenda. Fugiat est necessitatibus autem.', 1, '2018-10-09 11:59:44', '2018-10-09 11:59:44'),
(58, 52, 'Petra Metz', 'Aut dolorum molestiae voluptate quisquam eum. Omnis voluptas ipsam cumque quaerat. Nisi similique quos quae natus inventore esse.', 5, '2018-10-09 11:59:44', '2018-10-09 11:59:44'),
(59, 12, 'Flavio Turcotte', 'Perferendis vel voluptas eligendi asperiores nemo repellat autem. Voluptatibus minima dignissimos est voluptatibus tempora rerum. Est soluta tenetur omnis mollitia.', 0, '2018-10-09 11:59:44', '2018-10-09 11:59:44'),
(60, 175, 'Rafaela Doyle', 'Nisi autem rerum eos cum. Molestiae qui vero et delectus ea eligendi repudiandae. Explicabo voluptatem libero in praesentium et eligendi ut. Adipisci quisquam sed sit explicabo. Quam aut tempore architecto harum nihil.', 1, '2018-10-09 11:59:44', '2018-10-09 11:59:44'),
(61, 63, 'Mireya Kessler', 'Porro quibusdam qui harum ut sunt. Quos nulla ipsa provident quod hic et rerum architecto. Aut labore ad et eum laudantium et.', 0, '2018-10-09 11:59:44', '2018-10-09 11:59:44'),
(62, 152, 'Jan Jones', 'Perspiciatis sit omnis ducimus sint dicta repudiandae. Eum at perferendis totam. Et optio et veniam doloremque illum praesentium pariatur minus.', 0, '2018-10-09 11:59:44', '2018-10-09 11:59:44'),
(63, 85, 'Zechariah Steuber', 'Dolor et suscipit veniam quod. Non laborum vel atque. Quia excepturi iure quo a. Rerum quae eaque ut nemo iusto.', 1, '2018-10-09 11:59:44', '2018-10-09 11:59:44'),
(64, 129, 'Porter Ondricka', 'Nobis dolores eum quasi aliquid ut qui voluptas rerum. Dolorem aut ullam autem optio aut aut. Non ea rem perferendis consequatur quaerat.', 5, '2018-10-09 11:59:44', '2018-10-09 11:59:44'),
(65, 25, 'Clovis Schowalter', 'Quis ratione et mollitia et voluptate dolorum qui. Aut mollitia molestiae velit. Aspernatur odio dicta quam voluptas rerum inventore consequatur.', 3, '2018-10-09 11:59:44', '2018-10-09 11:59:44'),
(66, 61, 'Dr. Jamison Halvorson PhD', 'Sit eligendi sit enim quaerat quis. Veritatis alias enim exercitationem et et cumque reprehenderit. Aut eos ratione iure voluptatibus a.', 2, '2018-10-09 11:59:44', '2018-10-09 11:59:44'),
(67, 31, 'Blaise Borer', 'Quis mollitia architecto consequatur sunt. Et ducimus dolore repellat quos rerum est soluta. Similique laudantium qui ea nemo debitis dolor omnis. Et corporis minus aut molestias.', 1, '2018-10-09 11:59:44', '2018-10-09 11:59:44'),
(68, 74, 'Dr. Jayne Moore PhD', 'Amet aut qui iste facilis dolores. Consequuntur natus qui ipsam illo. Pariatur quos aut velit asperiores nesciunt ut vel.', 2, '2018-10-09 11:59:44', '2018-10-09 11:59:44'),
(69, 106, 'Mazie Orn', 'Cumque velit eos delectus officiis. Et voluptas error ipsa sed vel laborum molestiae. Quo animi tempora itaque blanditiis. Quod tempore id ipsum fuga aliquid nostrum.', 3, '2018-10-09 11:59:44', '2018-10-09 11:59:44'),
(70, 44, 'Prof. Emmet Lemke III', 'Nisi illo molestiae nisi iusto quam. Fuga et dolorem est fuga doloribus quia. Sit voluptas officiis debitis quia est occaecati.', 2, '2018-10-09 11:59:44', '2018-10-09 11:59:44'),
(71, 80, 'Cary Baumbach', 'Non velit dolores qui provident sit dolorum aut reprehenderit. Sunt officia quisquam voluptatum repellendus molestiae. Suscipit voluptatum et dolores libero est incidunt asperiores. Inventore qui sequi non voluptas accusamus et ratione.', 5, '2018-10-09 11:59:44', '2018-10-09 11:59:44'),
(72, 174, 'Mr. Rickie Schulist V', 'Odit atque et dolor. Facere quae pariatur tempora explicabo nisi reprehenderit fuga. Sunt aut vero corrupti qui vel. Dolor explicabo voluptatem enim id sint nostrum.', 4, '2018-10-09 11:59:44', '2018-10-09 11:59:44'),
(73, 56, 'Mr. Victor Hermann', 'Voluptatem nostrum maiores est sunt. Quasi ut inventore voluptatem aspernatur sunt. Ut ipsam dolorem dignissimos vel. Dolores fuga rerum blanditiis quam aspernatur.', 1, '2018-10-09 11:59:44', '2018-10-09 11:59:44'),
(74, 144, 'Dorian Jacobi', 'Velit est aut perferendis facere voluptatem. Tenetur voluptatum et aut animi sunt autem. Dolor quisquam ea quia a esse. Voluptate sint occaecati et dolor atque ducimus.', 2, '2018-10-09 11:59:44', '2018-10-09 11:59:44'),
(75, 51, 'Mr. Lafayette Boehm MD', 'Repellat modi rerum sint sapiente. Vero dolore ut temporibus officia. Eligendi odio cum rerum.', 1, '2018-10-09 11:59:44', '2018-10-09 11:59:44'),
(76, 86, 'Catharine Baumbach', 'Ex nisi aperiam perspiciatis consequuntur velit ipsam. Dicta quia atque qui dolorem. Voluptate quisquam architecto sint non consequatur qui quae dicta. Unde consequatur et exercitationem eos placeat.', 1, '2018-10-09 11:59:44', '2018-10-09 11:59:44'),
(77, 124, 'Lessie Berge', 'Eius amet laborum qui. Recusandae in qui quo omnis rerum deserunt blanditiis explicabo. A ex dolore ipsam et. Necessitatibus quam omnis nostrum architecto possimus consequatur eligendi.', 4, '2018-10-09 11:59:44', '2018-10-09 11:59:44'),
(78, 109, 'Mr. Judd Jerde', 'Asperiores sit odio quidem magnam voluptas quo. Atque nulla adipisci adipisci. Aut et voluptas inventore rerum odio quibusdam ut. Sapiente possimus aut unde voluptates minima magnam rerum. Molestiae qui amet id nihil quia.', 3, '2018-10-09 11:59:44', '2018-10-09 11:59:44'),
(79, 143, 'Monte Jakubowski', 'Autem laborum deserunt fugiat natus esse accusamus molestias. Exercitationem laborum doloremque quia rerum aut veritatis recusandae. Aperiam in laudantium aut quo nulla excepturi quia vero. Fuga sed tempora labore quis.', 3, '2018-10-09 11:59:44', '2018-10-09 11:59:44'),
(80, 150, 'Dr. Anderson Gleichner DVM', 'At suscipit illum sed exercitationem qui. Eveniet qui exercitationem vitae quod odio tempore. Sed ut quia quo ut accusantium non. Nisi ut explicabo tenetur impedit. Quos aliquam rem tempora sit est.', 4, '2018-10-09 11:59:44', '2018-10-09 11:59:44'),
(81, 166, 'Miss Litzy Hilpert', 'Voluptates delectus illo provident cupiditate ut quod occaecati. Eos sunt nam in doloremque pariatur. Soluta mollitia ipsum earum minus unde in.', 5, '2018-10-09 11:59:44', '2018-10-09 11:59:44'),
(82, 114, 'Ms. Dakota Goldner', 'Ipsum consequatur impedit eius libero illum nihil distinctio. Consequatur et laboriosam earum vel. Libero temporibus inventore facilis.', 3, '2018-10-09 11:59:44', '2018-10-09 11:59:44'),
(83, 174, 'Prof. Jeanette Harris', 'Ut ipsa voluptatem debitis officia culpa recusandae enim consequatur. Eius corrupti dolore veritatis voluptas nemo sint quasi. Et enim fugiat ex est veniam. Numquam quasi ut aut exercitationem dolor.', 1, '2018-10-09 11:59:44', '2018-10-09 11:59:44'),
(84, 160, 'Aida Heaney', 'Quia adipisci facere reprehenderit repellendus a. Veritatis aut enim esse dicta maxime aliquid. Hic est ut repellat molestiae. Saepe aut rerum sint quibusdam dolorem libero.', 3, '2018-10-09 11:59:44', '2018-10-09 11:59:44'),
(85, 181, 'Leanna Paucek', 'Sint dolor maiores qui non odit nostrum placeat eos. Rerum similique quibusdam eligendi similique est. Quia officia consectetur voluptate. Facere non ullam dolorem et.', 5, '2018-10-09 11:59:44', '2018-10-09 11:59:44'),
(86, 5, 'Jamie Marks', 'Ea ea asperiores velit perferendis. Quisquam nihil cumque voluptatum ipsa accusantium provident. Necessitatibus numquam fuga et est debitis minima corrupti sint.', 1, '2018-10-09 11:59:44', '2018-10-09 11:59:44'),
(87, 125, 'Prof. Lysanne Rodriguez', 'Ut minus in eum architecto et. Sequi nemo repellat occaecati nemo. Aspernatur assumenda quis et laborum dolor et. Et saepe sint sint corporis dolor quod architecto.', 0, '2018-10-09 11:59:45', '2018-10-09 11:59:45'),
(88, 138, 'Jennifer Robel', 'Ipsam accusantium provident voluptate praesentium vel. Perspiciatis iusto perferendis recusandae repellat non impedit earum rerum. Recusandae qui in doloremque velit.', 0, '2018-10-09 11:59:45', '2018-10-09 11:59:45'),
(89, 7, 'Isabell Erdman DVM', 'Ea dicta saepe est ea. Iure corrupti autem voluptas repudiandae ullam debitis aspernatur. Et tempore deserunt aut.', 4, '2018-10-09 11:59:45', '2018-10-09 11:59:45'),
(90, 185, 'Prof. Aidan Gleason', 'Illo est autem laboriosam aperiam est ut aut. Aut facere pariatur labore quia dolore non repellat unde.', 5, '2018-10-09 11:59:45', '2018-10-09 11:59:45'),
(91, 146, 'Ms. Lysanne Dooley', 'Rerum voluptatem nesciunt reiciendis. Tenetur natus est pariatur. Est est culpa labore sit omnis nihil.', 1, '2018-10-09 11:59:45', '2018-10-09 11:59:45'),
(92, 99, 'Aidan Prohaska', 'Omnis qui quasi ut dolores placeat fuga vel error. Nostrum laudantium alias possimus consequatur numquam eveniet inventore. Eos rem pariatur ut ut tempora est debitis. Quos quia praesentium culpa aliquid eligendi voluptatem minus ipsa.', 2, '2018-10-09 11:59:45', '2018-10-09 11:59:45'),
(93, 26, 'Ronaldo Mann', 'Non illo enim et alias. At ea non deleniti vero nulla aut odio voluptatem. Sint debitis qui nisi rerum est itaque.', 4, '2018-10-09 11:59:45', '2018-10-09 11:59:45'),
(94, 97, 'Dennis Price', 'Excepturi alias magnam facere laboriosam beatae. Cum dolores iure quis eaque voluptatem. Nisi voluptas assumenda commodi doloribus natus nesciunt omnis. Omnis dolorem soluta libero dicta voluptatem iusto occaecati.', 0, '2018-10-09 11:59:45', '2018-10-09 11:59:45'),
(95, 200, 'Millie Hills DDS', 'Corporis ut tempora est id eligendi rerum. Doloremque et doloremque est at omnis cumque rerum harum. Quibusdam voluptatem quos velit sit. Sed inventore qui dolor omnis consequatur itaque nemo ipsa.', 1, '2018-10-09 11:59:45', '2018-10-09 11:59:45'),
(96, 106, 'Ashlee Tromp', 'Ea iure commodi ut provident necessitatibus facere. Et enim cum quisquam et nihil laborum. Qui labore consequatur non recusandae ut in. Debitis consequatur alias rerum soluta odit dolor nihil.', 2, '2018-10-09 11:59:45', '2018-10-09 11:59:45'),
(97, 168, 'Dr. Drake Bergnaum', 'Iure qui dolor nisi inventore quia sed possimus. Consequatur asperiores totam itaque. Perspiciatis ab tempore corrupti est eos amet qui. Quia vel perspiciatis voluptas laudantium fugiat. Accusantium voluptate ut aliquid sequi laboriosam ipsum molestiae.', 3, '2018-10-09 11:59:45', '2018-10-09 11:59:45'),
(98, 171, 'Gretchen Langosh', 'Saepe tenetur maiores officia cupiditate qui provident doloribus. Similique est non perferendis ut voluptatibus eum illo. Hic excepturi dolor dolorem. Non asperiores rerum neque expedita.', 2, '2018-10-09 11:59:45', '2018-10-09 11:59:45'),
(99, 105, 'Eulalia Windler', 'Sit inventore laboriosam voluptate eligendi dolores voluptatem vel porro. Praesentium soluta tenetur in ut.', 5, '2018-10-09 11:59:45', '2018-10-09 11:59:45'),
(100, 97, 'Javon Hermiston', 'Aperiam ad dolore et impedit quam ut illo. A qui dignissimos dicta repellendus labore dicta. Dolorem ut minus debitis rem. Voluptas debitis ratione atque nulla laboriosam.', 4, '2018-10-09 11:59:45', '2018-10-09 11:59:45'),
(101, 177, 'Sierra Vandervort', 'Dolores numquam ea molestiae quos et culpa. Sint possimus quia adipisci rerum. Fuga accusamus qui necessitatibus velit. In mollitia quod eveniet fugit.', 0, '2018-10-09 11:59:45', '2018-10-09 11:59:45'),
(102, 19, 'Jazmyne Brekke', 'Nam iusto autem aut voluptas adipisci ipsum dolores. Corrupti ut nobis natus sint voluptas assumenda. Autem sequi ut et mollitia illo. Enim veritatis ullam non sint eos sunt quia.', 2, '2018-10-09 11:59:45', '2018-10-09 11:59:45'),
(103, 52, 'Dr. Flossie Rempel II', 'Placeat qui saepe sint dolorem. Molestias quasi ab qui et sed. Architecto magnam vitae eos praesentium impedit vel incidunt.', 2, '2018-10-09 11:59:45', '2018-10-09 11:59:45'),
(104, 40, 'Prof. Geoffrey Mitchell', 'Minus veritatis aspernatur facere sed id voluptatem. Voluptas molestias quia et consequatur dicta rem. Iure quo molestias non quia adipisci reprehenderit. Ipsam porro adipisci aut.', 4, '2018-10-09 11:59:45', '2018-10-09 11:59:45'),
(105, 61, 'Andres Murphy', 'Deserunt error expedita mollitia. Soluta libero officiis rerum alias est beatae suscipit. Officiis unde aut doloremque adipisci qui hic. Ea ipsum minima sequi dignissimos commodi consectetur.', 4, '2018-10-09 11:59:45', '2018-10-09 11:59:45'),
(106, 52, 'Mrs. Crystal Upton DVM', 'Sit est mollitia qui pariatur. Quia et delectus exercitationem voluptas veritatis.', 0, '2018-10-09 11:59:45', '2018-10-09 11:59:45'),
(107, 35, 'Orville Hintz', 'Ut velit est alias cupiditate. Culpa fuga sed veniam nisi sunt fugit ratione a. Sint est magnam exercitationem nostrum odit. Accusantium unde blanditiis dignissimos in.', 3, '2018-10-09 11:59:45', '2018-10-09 11:59:45'),
(108, 21, 'Prof. Wilford Lakin', 'Harum dolores laborum iusto a omnis non voluptatem. Quam architecto veritatis aut dicta ea velit. Sit quia quisquam dolorem odio. Doloremque et fugit necessitatibus.', 4, '2018-10-09 11:59:45', '2018-10-09 11:59:45'),
(109, 116, 'Jarrell Bode', 'Atque deleniti est quae aut non error alias. Animi quo error quasi et impedit nisi aspernatur rerum. Quod veniam sint est aut dolor. Nihil temporibus incidunt officia maxime.', 3, '2018-10-09 11:59:45', '2018-10-09 11:59:45'),
(110, 21, 'Meredith Daniel', 'Et necessitatibus facere dicta quidem. Rerum aut error facilis qui asperiores vitae dolor. Ipsam et eum fugit quas. Iste optio voluptatum beatae aut est est.', 5, '2018-10-09 11:59:45', '2018-10-09 11:59:45'),
(111, 125, 'Toney Brown', 'Provident soluta quibusdam non sed earum dolores ad. Vitae ut perspiciatis odio. Ea accusamus est cumque cum. Corporis natus harum nulla fugit quis.', 0, '2018-10-09 11:59:45', '2018-10-09 11:59:45'),
(112, 112, 'Mr. Sid Dooley V', 'Rem impedit consectetur maxime quos eos. Cum aliquid iure quia repellendus dolorem. Dolorum culpa sequi minima minus voluptas nulla ut. Aut quibusdam libero eum assumenda consequatur maxime. Et quaerat quos ea dolorem sit est.', 0, '2018-10-09 11:59:45', '2018-10-09 11:59:45'),
(113, 79, 'Tyreek Kris', 'Placeat dolorem nemo quis ut rerum eum ut. Dignissimos vel voluptates nihil distinctio. Nihil enim earum perspiciatis tenetur.', 5, '2018-10-09 11:59:45', '2018-10-09 11:59:45'),
(114, 104, 'Kian Hill', 'Tempore nesciunt odio maxime consequatur est blanditiis. Eveniet facere cumque quia incidunt pariatur id ratione architecto. Dolorem ipsum itaque ratione laborum quis. Corporis atque sint enim omnis ullam dolorem quibusdam.', 1, '2018-10-09 11:59:45', '2018-10-09 11:59:45'),
(115, 163, 'Prof. Carley Barton', 'Ab consequatur et dolores provident. Nostrum sapiente dicta vel. Qui ut explicabo qui ut.', 2, '2018-10-09 11:59:45', '2018-10-09 11:59:45'),
(116, 158, 'Dee Wiza V', 'Voluptatibus asperiores quia minima voluptatem ut dolor quia. Ab sint incidunt dicta fugiat dicta omnis tenetur. At rem ut facere culpa.', 4, '2018-10-09 11:59:46', '2018-10-09 11:59:46'),
(117, 49, 'Javier Jerde', 'Quo labore veniam non. Ullam omnis voluptatum iure placeat voluptatem ratione doloremque. Voluptatem qui provident fugiat ipsam.', 5, '2018-10-09 11:59:46', '2018-10-09 11:59:46'),
(118, 21, 'Miss Mireya Bins', 'Quis accusamus ea pariatur. Eligendi explicabo quisquam error similique quo sunt. Aperiam quo et qui voluptas.', 1, '2018-10-09 11:59:46', '2018-10-09 11:59:46'),
(119, 40, 'Branson Tremblay', 'Nihil dolores et ad qui. Repellendus eos tempora dolorem id nisi. Non quia et et aliquam labore repellendus.', 5, '2018-10-09 11:59:46', '2018-10-09 11:59:46'),
(120, 168, 'Rod Gaylord', 'Doloribus saepe ut sequi et id aut occaecati. Soluta vel voluptate odio libero fuga qui aut. Qui mollitia et nesciunt saepe quasi.', 2, '2018-10-09 11:59:46', '2018-10-09 11:59:46'),
(121, 7, 'Taryn Wintheiser DVM', 'Dolores pariatur dicta aspernatur corrupti reprehenderit. Assumenda explicabo cum sed quisquam molestias assumenda hic nulla. Eum assumenda placeat aut recusandae quos. Est aperiam numquam fugit alias ducimus fugit est.', 3, '2018-10-09 11:59:46', '2018-10-09 11:59:46'),
(122, 31, 'Sylvester Skiles', 'Iste rerum incidunt temporibus. Occaecati omnis quidem mollitia nemo. Qui itaque sit doloremque ipsum pariatur quia vitae. Odio cumque adipisci id cum.', 3, '2018-10-09 11:59:46', '2018-10-09 11:59:46'),
(123, 73, 'Ms. Ericka Kemmer Jr.', 'Ipsam dolores porro ut necessitatibus nobis repellendus est. Atque vel consectetur sit aspernatur fugit id ut excepturi.', 2, '2018-10-09 11:59:46', '2018-10-09 11:59:46'),
(124, 18, 'Dr. Dario Toy', 'Et eum ut commodi nesciunt sit cum. Est quia eius magnam quos commodi. Ducimus qui blanditiis necessitatibus excepturi eos. Aut corrupti voluptatem amet aspernatur omnis vel aliquam.', 5, '2018-10-09 11:59:46', '2018-10-09 11:59:46'),
(125, 161, 'Werner Mayert', 'Provident velit aut sunt nihil optio. Nemo vel nihil voluptas magni architecto. Voluptatem sit impedit mollitia praesentium laborum ullam unde. Fuga ad magni harum sit nihil autem ut.', 3, '2018-10-09 11:59:46', '2018-10-09 11:59:46'),
(126, 152, 'Mortimer Weissnat Sr.', 'Magnam fugiat consequatur dolorem minima. Magnam ipsam exercitationem quo quaerat fugit nulla aperiam. Nihil repellat ullam quae id debitis.', 3, '2018-10-09 11:59:46', '2018-10-09 11:59:46'),
(127, 57, 'Miss Lila Wolff Sr.', 'Dicta omnis ut est illo ut fuga voluptatem. Corporis repellat consequatur ea recusandae consequatur beatae architecto. Quod quia eveniet eos unde minus aut impedit. Ea iusto repudiandae rerum et. Aperiam illum reiciendis sed dolores fuga.', 2, '2018-10-09 11:59:46', '2018-10-09 11:59:46'),
(128, 93, 'Jaeden Kozey MD', 'Quae ut et est debitis excepturi a alias. Facere aliquam quasi eligendi sit et quibusdam. Ipsum repellendus ullam voluptatem accusamus adipisci voluptas nulla. Doloremque et aperiam praesentium dignissimos necessitatibus.', 5, '2018-10-09 11:59:46', '2018-10-09 11:59:46'),
(129, 47, 'Bell Hilpert DVM', 'Amet modi ipsam perferendis quisquam. Maiores sunt alias modi eius qui. Libero enim aliquam eligendi. Quidem ex est soluta dolore.', 0, '2018-10-09 11:59:46', '2018-10-09 11:59:46'),
(130, 71, 'Forest Hayes', 'Necessitatibus deleniti autem ut atque ratione sed at. Nemo architecto commodi numquam veniam voluptatum. Esse delectus dolor qui illo odio soluta facere. Amet illo nostrum dolorem maiores facilis magni est facere.', 0, '2018-10-09 11:59:46', '2018-10-09 11:59:46'),
(131, 30, 'Prof. Geo Maggio', 'Et autem dolores temporibus. Quia a et eius incidunt. In qui a rem corporis magnam nostrum. Possimus quam quaerat necessitatibus consequatur.', 2, '2018-10-09 11:59:46', '2018-10-09 11:59:46'),
(132, 103, 'Sterling Durgan', 'Aut ut voluptas ut. Architecto quisquam et et non ratione. Quae quia in reprehenderit soluta assumenda. Sit vero consequuntur libero accusantium.', 5, '2018-10-09 11:59:46', '2018-10-09 11:59:46'),
(133, 34, 'Miles Connelly DVM', 'Harum assumenda ab sed sint optio. Corrupti et ut et ea excepturi. Provident corrupti sapiente aut nobis fuga similique sequi. Pariatur in et consequuntur reiciendis. Tempora quas sit quos officiis quia quas.', 5, '2018-10-09 11:59:46', '2018-10-09 11:59:46'),
(134, 58, 'Else Schmeler Jr.', 'Nisi consequatur consectetur voluptas magnam nulla. Minima quibusdam aut sequi architecto. Molestiae quibusdam sed ullam eligendi velit. Pariatur consequatur aliquam corrupti quibusdam explicabo.', 3, '2018-10-09 11:59:46', '2018-10-09 11:59:46'),
(135, 76, 'Marjory Daniel', 'Corporis et blanditiis quia. Deleniti enim ut rem fugiat ea illum. Repellat dolor quos et totam quo vitae dolores.', 0, '2018-10-09 11:59:46', '2018-10-09 11:59:46'),
(136, 179, 'Mr. Jorge Halvorson II', 'Animi nulla itaque commodi iusto cupiditate molestias. Recusandae qui nam perspiciatis iste facilis eos. Eaque inventore dolor nam porro magni odio vel. Iure et cum quia doloremque quae molestiae.', 4, '2018-10-09 11:59:46', '2018-10-09 11:59:46'),
(137, 84, 'Leann Jacobi DVM', 'Dignissimos accusantium non ducimus aperiam saepe maiores. Sequi sit a deleniti qui repudiandae reiciendis temporibus. Optio suscipit qui magni eveniet voluptatibus ut.', 4, '2018-10-09 11:59:46', '2018-10-09 11:59:46'),
(138, 155, 'Pasquale Grant', 'Fugiat fugiat corporis et sunt similique ducimus soluta. Molestiae eos rem labore dolores quia non. Officia aliquam et dolor praesentium aspernatur sapiente consequuntur corrupti. Quasi libero accusantium sit velit cumque commodi magnam.', 1, '2018-10-09 11:59:46', '2018-10-09 11:59:46'),
(139, 14, 'Corbin Maggio', 'Dignissimos deleniti quibusdam itaque sed. Doloribus numquam eaque voluptas aperiam omnis impedit. Officia et ratione qui et dolorem quam fugiat.', 4, '2018-10-09 11:59:46', '2018-10-09 11:59:46'),
(140, 140, 'Ms. Vergie Kihn PhD', 'Fugiat optio qui suscipit dolores vitae cum porro. Illum sunt quis incidunt ut dolorem sit exercitationem. Animi sunt totam quam quibusdam odio sint omnis. Similique voluptates explicabo placeat facilis quia.', 4, '2018-10-09 11:59:46', '2018-10-09 11:59:46'),
(141, 200, 'Dr. Jessika Conroy III', 'Et sed fugit qui sunt eaque. Culpa dolores rerum qui ut. Laborum cupiditate odit quos quae officia voluptatum ducimus.', 4, '2018-10-09 11:59:46', '2018-10-09 11:59:46'),
(142, 28, 'Elody Will', 'Provident aspernatur aperiam temporibus incidunt eum aut odit. Enim nam enim autem molestiae. Earum repellendus ea voluptas cumque adipisci eos mollitia. Cum unde cupiditate amet ea quibusdam id.', 2, '2018-10-09 11:59:46', '2018-10-09 11:59:46'),
(143, 152, 'Demond Hayes', 'Ullam sed non iure sit alias. Reiciendis illum occaecati nihil officia. Nihil labore provident suscipit enim et aut.', 5, '2018-10-09 11:59:46', '2018-10-09 11:59:46'),
(144, 141, 'Arjun Kunde', 'Sequi id velit vero eius eveniet sit. Sed ipsa corrupti quibusdam itaque. Dicta tenetur et nam. Velit voluptas ut sint voluptas sint perferendis non.', 2, '2018-10-09 11:59:47', '2018-10-09 11:59:47'),
(145, 109, 'Dr. Carlos Bruen', 'Sit ullam id dolore explicabo quidem et voluptatem. Qui sunt labore qui laborum ut nam id. Blanditiis eum non officia repudiandae et. Aperiam odio sapiente impedit est accusamus voluptatem et.', 0, '2018-10-09 11:59:47', '2018-10-09 11:59:47'),
(146, 197, 'Mrs. Marisa Jerde DDS', 'Commodi facere enim delectus adipisci occaecati voluptatem. Non tenetur repellat repellendus ex maiores sint. Quia quia ipsum aut eius.', 2, '2018-10-09 11:59:47', '2018-10-09 11:59:47'),
(147, 151, 'Markus Kovacek', 'Rerum vel et harum quaerat quis quia consequatur. Voluptatum deleniti ut qui voluptas consequatur deleniti. Quia commodi et eos.', 2, '2018-10-09 11:59:47', '2018-10-09 11:59:47'),
(148, 90, 'Mr. Joshua Brekke', 'Asperiores minus repudiandae eos est labore. Aut facilis asperiores quia illo sed autem. Quo laboriosam est quisquam enim. Quibusdam exercitationem eveniet magni qui sit consequatur sapiente id.', 0, '2018-10-09 11:59:47', '2018-10-09 11:59:47'),
(149, 191, 'Dr. Silas Harris', 'Dolore eos qui labore qui asperiores nostrum. Illum quos veniam voluptates est fuga ut sunt. Provident non dolorum qui corrupti ullam amet eaque. Molestias voluptatem rem rerum ducimus. Neque vel est facere voluptatem et.', 3, '2018-10-09 11:59:47', '2018-10-09 11:59:47'),
(150, 171, 'Graciela Wilderman DVM', 'Dicta ipsa minima blanditiis ut accusamus molestiae ad. Rem temporibus cupiditate vel. Est quod asperiores harum saepe.', 3, '2018-10-09 11:59:47', '2018-10-09 11:59:47'),
(151, 114, 'Kylee Smitham V', 'Dolor corporis facilis illum modi qui consequatur. Consectetur voluptatem id explicabo error iste ut sit. Rem expedita quaerat non similique. Consequatur officiis at est assumenda explicabo ut.', 4, '2018-10-09 11:59:47', '2018-10-09 11:59:47'),
(152, 77, 'Kolby Schuster', 'Quia fuga ducimus quia dolor et dolore. Soluta aspernatur earum asperiores dolores alias ea nulla et. Qui laborum quo inventore vel.', 0, '2018-10-09 11:59:47', '2018-10-09 11:59:47'),
(153, 110, 'Mr. Nico Reilly', 'Necessitatibus qui illum non asperiores alias nemo. Voluptatem tenetur ex omnis dolor ut. Expedita ab aperiam neque nihil quo.', 5, '2018-10-09 11:59:47', '2018-10-09 11:59:47'),
(154, 78, 'Shyann Kreiger', 'Aut voluptate vel amet esse quasi nam. Est quis qui accusantium dolor nemo mollitia. Eos voluptas eos nostrum esse atque.', 1, '2018-10-09 11:59:47', '2018-10-09 11:59:47'),
(155, 163, 'Dan Weber IV', 'Ut exercitationem distinctio iste. Officia sint atque vero accusamus. Tempora est alias repudiandae voluptatem dolores aut. Necessitatibus dolorem reiciendis excepturi veritatis nisi similique.', 5, '2018-10-09 11:59:47', '2018-10-09 11:59:47'),
(156, 27, 'Donavon Grant', 'Ut necessitatibus corporis quibusdam recusandae in. Vel veritatis dolores voluptatem ad. Excepturi delectus sit rem sapiente.', 0, '2018-10-09 11:59:47', '2018-10-09 11:59:47'),
(157, 44, 'Earl Balistreri', 'Consequuntur iusto quia vitae. Blanditiis earum modi eaque impedit.', 3, '2018-10-09 11:59:47', '2018-10-09 11:59:47'),
(158, 11, 'Candida Kovacek', 'Aut impedit sapiente ut aut enim eum nam. Corrupti sapiente in dolores est minima quia praesentium. Odit dolorem reiciendis dolor dolores. Consequuntur eos non atque aut.', 2, '2018-10-09 11:59:47', '2018-10-09 11:59:47'),
(159, 198, 'Samson Luettgen MD', 'Eius consectetur accusantium id voluptatum voluptas. Ut nesciunt expedita illo accusamus. Illo repellat magni maiores ducimus veritatis.', 3, '2018-10-09 11:59:47', '2018-10-09 11:59:47'),
(160, 106, 'Dr. Mervin Hermann', 'Optio dignissimos alias hic unde dolores vel. Veritatis velit impedit dolores quis tempore fuga. Dolor eum et facere impedit minus ipsam. Autem molestiae repellat impedit adipisci veritatis fugit eaque.', 5, '2018-10-09 11:59:47', '2018-10-09 11:59:47'),
(161, 12, 'Mallie Ernser', 'Aut assumenda ut ut repudiandae beatae nisi aut quia. Enim rerum asperiores est magnam animi velit qui. Ducimus magnam repellendus iste labore. Nihil quaerat ex facilis dolorum animi.', 2, '2018-10-09 11:59:47', '2018-10-09 11:59:47'),
(162, 39, 'Horace Jenkins I', 'Architecto mollitia et necessitatibus molestiae a non fugit adipisci. Laudantium inventore eos voluptatem molestiae incidunt. Suscipit dolor et consequatur repellat ipsum nobis. Eum quia a nostrum voluptate vel et modi.', 2, '2018-10-09 11:59:47', '2018-10-09 11:59:47'),
(163, 86, 'Selina Borer', 'Porro earum provident corporis qui voluptatem aut est. Asperiores rerum omnis eaque quia nesciunt. Accusamus at soluta consequatur sit. Ullam quis eius veniam.', 1, '2018-10-09 11:59:47', '2018-10-09 11:59:47'),
(164, 154, 'Irma Schmitt', 'Aliquam et vero eum consequuntur cumque id aperiam. Officiis labore est quis. Quisquam alias nisi aut dolores.', 5, '2018-10-09 11:59:47', '2018-10-09 11:59:47'),
(165, 145, 'Rhoda Bednar PhD', 'Voluptates eligendi ipsa quas. Sequi et enim pariatur officiis minima voluptatibus corrupti. Repellendus enim debitis quia rerum. Debitis reprehenderit dolorum assumenda fuga aliquam amet error ipsum.', 5, '2018-10-09 11:59:47', '2018-10-09 11:59:47'),
(166, 77, 'Miss Maribel Boyer', 'Illum mollitia aut praesentium similique. Expedita aspernatur rerum tempore id voluptatem. Sint enim facilis ducimus aut autem reiciendis. Consequatur quo corrupti illum amet ipsa unde et nesciunt.', 1, '2018-10-09 11:59:47', '2018-10-09 11:59:47'),
(167, 1, 'Gabrielle Gusikowski', 'Neque in consequatur neque nisi quae incidunt vero. Qui sint distinctio magnam et et provident voluptatem. Id quia enim illum ducimus.', 3, '2018-10-09 11:59:47', '2018-10-09 11:59:47'),
(168, 48, 'Mr. August Cremin Jr.', 'Et aut earum qui harum itaque. Aut magnam aut est voluptas vel molestiae dolor. Blanditiis omnis facere aperiam quibusdam.', 1, '2018-10-09 11:59:47', '2018-10-09 11:59:47'),
(169, 63, 'Ms. Aracely Morissette IV', 'Quibusdam alias qui architecto laborum. Cupiditate consectetur et voluptas sunt. Ut qui quia iure beatae eveniet. Iure quia veritatis tempora quis mollitia ut dolore.', 1, '2018-10-09 11:59:47', '2018-10-09 11:59:47'),
(170, 38, 'Tate Renner', 'Culpa in molestiae quaerat natus sed nihil alias. Vel molestiae alias quasi sed. Aperiam explicabo cupiditate vel numquam aspernatur. Asperiores qui in blanditiis.', 1, '2018-10-09 11:59:47', '2018-10-09 11:59:47'),
(171, 110, 'Allie Franecki', 'Ratione illum ut iste voluptatem qui. Veritatis eveniet dolorum quibusdam sint porro corrupti. Dolorum qui eum est quia sed quod incidunt non.', 0, '2018-10-09 11:59:47', '2018-10-09 11:59:47'),
(172, 15, 'Rahul Howell', 'Aperiam qui qui distinctio harum ut. Rerum quisquam error ipsa deserunt nesciunt quis assumenda pariatur. Adipisci eum et quidem officiis enim omnis.', 2, '2018-10-09 11:59:47', '2018-10-09 11:59:47'),
(173, 181, 'Dr. Humberto Fritsch', 'Cumque odio voluptatem magni et necessitatibus quia voluptate. Placeat illo officia sit molestias deserunt distinctio possimus. Aspernatur neque repellendus cupiditate.', 1, '2018-10-09 11:59:47', '2018-10-09 11:59:47'),
(174, 26, 'Ernestine Dietrich', 'Consequatur corrupti esse eum ab ipsa vero et. Ut ea ut et fugiat cum explicabo eius ad. Dignissimos impedit doloribus officia excepturi voluptates atque sapiente. Et dolores temporibus voluptatum iusto.', 4, '2018-10-09 11:59:47', '2018-10-09 11:59:47'),
(175, 113, 'Gage Wiza', 'Cum eius et sit ipsam quia provident. Esse at voluptate modi vero eos. Sit non est eaque accusantium molestiae ab.', 0, '2018-10-09 11:59:47', '2018-10-09 11:59:47'),
(176, 124, 'Miss Makenzie Hartmann', 'Enim modi qui dolores magnam. Aut voluptates error laboriosam consequatur distinctio possimus voluptatum. A quasi explicabo rerum asperiores ut aut. Quasi accusantium dolore repellendus magnam qui aperiam sit.', 4, '2018-10-09 11:59:48', '2018-10-09 11:59:48'),
(177, 156, 'Manuel Walsh', 'Ut quisquam reiciendis cupiditate cum qui delectus est atque. Dolor maxime est modi aut rerum. Voluptatem maxime aut tempore nihil.', 4, '2018-10-09 11:59:48', '2018-10-09 11:59:48'),
(178, 114, 'Allie Feil MD', 'Ut aut pariatur quasi voluptatem ut blanditiis illo voluptas. Repudiandae recusandae ut assumenda nihil dolor. Ad architecto recusandae placeat laudantium tempore omnis voluptas. Ut et qui ut ea dolor eaque dolorum.', 3, '2018-10-09 11:59:48', '2018-10-09 11:59:48'),
(179, 105, 'Christelle Hackett', 'Non harum ut hic eos. Quia enim itaque similique deleniti odit. Occaecati voluptatibus reiciendis rerum quia maiores ab ea odit.', 3, '2018-10-09 11:59:48', '2018-10-09 11:59:48'),
(180, 98, 'Hunter Bruen', 'Aut dolor dolor minus dolorem. Eum laudantium qui minima nobis dolorem repellendus non aut. Expedita hic qui aut rem.', 3, '2018-10-09 11:59:48', '2018-10-09 11:59:48'),
(181, 73, 'Dina Bauch', 'Et asperiores asperiores expedita asperiores doloribus. Repellendus aut in deleniti non. Atque asperiores velit ab error adipisci natus. A fuga cupiditate repellendus eius dolorem molestiae laudantium.', 0, '2018-10-09 11:59:48', '2018-10-09 11:59:48'),
(182, 35, 'Nat Abshire DDS', 'Et non optio expedita ipsa laudantium rerum hic. Aperiam sequi occaecati eveniet. Tempore aut qui perspiciatis. Temporibus facere aut eaque cum.', 5, '2018-10-09 11:59:48', '2018-10-09 11:59:48'),
(183, 194, 'Lisette Witting', 'Inventore rerum quis non vero et quia. Rerum ut saepe voluptate quia. Laboriosam unde dolorum quae occaecati qui aut. Atque exercitationem accusantium voluptatem.', 2, '2018-10-09 11:59:48', '2018-10-09 11:59:48'),
(184, 19, 'Kendall Larkin', 'Architecto amet odit possimus velit asperiores neque beatae enim. Corrupti rerum sapiente autem nisi possimus ex. Maiores deserunt dolores nisi incidunt aut occaecati. Culpa in voluptatem sit.', 1, '2018-10-09 11:59:48', '2018-10-09 11:59:48'),
(185, 168, 'Earlene Gulgowski', 'Ullam aliquid natus maxime tempora deleniti sequi nisi. Et nisi consequatur ut ab occaecati. Et rerum dolores modi.', 4, '2018-10-09 11:59:48', '2018-10-09 11:59:48'),
(186, 34, 'Miss Ova Botsford', 'Ea repudiandae cum maiores sed alias. Ad id perspiciatis dolores enim maiores. Architecto optio ut non veniam quia nemo illum.', 2, '2018-10-09 11:59:48', '2018-10-09 11:59:48'),
(187, 132, 'Cleve Raynor', 'Aut repellat consequatur sunt explicabo consectetur saepe voluptas minus. Quia quo similique eos eligendi itaque unde omnis natus. Illum minus atque dolor vero. Nihil alias velit cumque illo quibusdam.', 3, '2018-10-09 11:59:48', '2018-10-09 11:59:48'),
(188, 86, 'Lincoln Pouros', 'Quod porro magni dolorum velit animi maiores debitis. Quaerat dolorem sed iusto neque repellat. Eveniet eius eos similique natus eos vel iste. Odit consequatur illo dolor non provident ea eos.', 0, '2018-10-09 11:59:48', '2018-10-09 11:59:48'),
(189, 19, 'Dustin Ratke', 'Magni provident eligendi praesentium et quod itaque facilis. Nobis nemo qui incidunt sunt id quia. Vel pariatur alias tenetur aut hic quis omnis. Eum rerum dolore quos sit culpa dolor at.', 5, '2018-10-09 11:59:48', '2018-10-09 11:59:48'),
(190, 170, 'Chance Carter', 'Doloribus sapiente velit est. Nemo laboriosam sit a quis aliquid numquam unde.', 3, '2018-10-09 11:59:48', '2018-10-09 11:59:48'),
(191, 16, 'Dylan Thiel', 'Ullam voluptas ut dolores vitae placeat ut. Delectus quod qui et ut. Velit rerum eligendi maiores animi.', 5, '2018-10-09 11:59:48', '2018-10-09 11:59:48'),
(192, 46, 'Prof. Alvis Hammes II', 'Consectetur non nam nostrum. Ex quo nisi autem velit non. Tempora repellat pariatur voluptas corrupti quo consequatur.', 5, '2018-10-09 11:59:48', '2018-10-09 11:59:48'),
(193, 156, 'Aliza Little', 'Earum omnis aliquid fugit est assumenda necessitatibus culpa. Iusto dolores mollitia illo magni voluptatibus quos.', 5, '2018-10-09 11:59:48', '2018-10-09 11:59:48'),
(194, 105, 'Kara Schiller', 'Repudiandae error sit aliquam. Ab sed cumque est architecto nihil. Enim beatae quam pariatur debitis reprehenderit qui. Vitae dolor aut natus eius voluptas est.', 0, '2018-10-09 11:59:48', '2018-10-09 11:59:48'),
(195, 123, 'Martine Legros', 'Modi est quam eum et accusantium dolorum officiis quo. Quas asperiores nisi dolores veniam quae. Praesentium aspernatur vitae reiciendis voluptatem.', 4, '2018-10-09 11:59:48', '2018-10-09 11:59:48'),
(196, 157, 'Dr. Lucie Veum', 'Sit quidem autem sequi accusamus delectus nulla sed. Et ut impedit et voluptatem sed fuga quasi esse. Culpa quaerat esse dicta magnam rerum. Accusantium id magnam beatae repellat cupiditate.', 2, '2018-10-09 11:59:48', '2018-10-09 11:59:48'),
(197, 59, 'Bradley Reilly', 'Voluptatibus tempore enim necessitatibus ut rerum aliquid. Voluptatum nostrum et molestiae ipsum beatae. Cumque iste voluptates qui nihil repellendus. Sint sequi consequatur sit a laudantium.', 1, '2018-10-09 11:59:48', '2018-10-09 11:59:48'),
(198, 92, 'Millie Torphy', 'Dicta repudiandae ea aut voluptatem. Nemo fugit cupiditate velit debitis sit a.', 5, '2018-10-09 11:59:48', '2018-10-09 11:59:48'),
(199, 61, 'Dr. Fiona Gerhold', 'Nihil alias itaque et quod aut labore repudiandae tempore. Illo sit non placeat magni neque sint a. Nihil tempora repudiandae dolorum sit vero quibusdam. Dolorum quod quaerat iure optio ut.', 2, '2018-10-09 11:59:48', '2018-10-09 11:59:48'),
(200, 18, 'Kaden Swift', 'Quam autem error commodi soluta expedita molestiae. Quia mollitia laboriosam veniam rerum soluta architecto. Voluptate ut in ex molestiae nihil corrupti et.', 3, '2018-10-09 11:59:48', '2018-10-09 11:59:48'),
(201, 190, 'Dr. Ewald Hauck II', 'In dicta similique autem et sit. Expedita laudantium architecto suscipit et sed alias et. Perferendis ab minus autem magnam quia debitis voluptates. Possimus consectetur hic natus voluptatem.', 4, '2018-10-09 11:59:48', '2018-10-09 11:59:48'),
(202, 196, 'Dr. Edison Osinski', 'Neque qui voluptatem omnis a est aliquid eos. Totam dolores amet eos esse et possimus at. Natus quaerat vel nihil reiciendis officiis laboriosam.', 1, '2018-10-09 11:59:48', '2018-10-09 11:59:48'),
(203, 53, 'Mr. Toni Bailey', 'Ipsa vel sint eum non ut a omnis commodi. Eveniet ad est minima est eveniet ratione. Excepturi nobis reiciendis qui quidem. Sequi aut dolores aut aperiam.', 4, '2018-10-09 11:59:48', '2018-10-09 11:59:48'),
(204, 185, 'Luisa Mayer', 'Qui provident aut reprehenderit dolores et eveniet sit vitae. Est sed commodi laborum nemo. Modi ut accusantium consectetur reprehenderit. Quis magni est possimus eos minima. Et similique non est et dolores reiciendis occaecati.', 3, '2018-10-09 11:59:48', '2018-10-09 11:59:48'),
(205, 117, 'Joshuah Grimes', 'Est error quo distinctio corrupti. Est in nam dolor praesentium. Aliquid sunt et nobis cum. Est enim perferendis eum dolorem repellendus est enim.', 3, '2018-10-09 11:59:48', '2018-10-09 11:59:48'),
(206, 190, 'Adell West DDS', 'Iste ut vel earum amet eos vitae omnis. Unde ea fuga culpa ut. Reiciendis sed aperiam et aut est assumenda itaque sed.', 4, '2018-10-09 11:59:48', '2018-10-09 11:59:48'),
(207, 36, 'Gabe Nader', 'Aut quod distinctio quia rerum et quia facere. Optio possimus ut impedit ut eveniet suscipit iusto. Excepturi aliquam modi aut minima dolorum autem qui.', 2, '2018-10-09 11:59:48', '2018-10-09 11:59:48');
INSERT INTO `reviews` (`id`, `product_id`, `customer`, `review`, `star`, `created_at`, `updated_at`) VALUES
(208, 89, 'Cindy Wisoky', 'Accusamus magni quia sint aut et cupiditate enim. Magni sed quam consequatur. Error eveniet iusto dicta voluptatem mollitia repudiandae.', 0, '2018-10-09 11:59:48', '2018-10-09 11:59:48'),
(209, 92, 'Zella Farrell DDS', 'Asperiores quo nihil a dolorem. Similique magnam asperiores adipisci nam nisi. Et quos molestiae quis aut rerum consequatur exercitationem.', 1, '2018-10-09 11:59:48', '2018-10-09 11:59:48'),
(210, 85, 'Mr. Wilfredo Bernhard', 'Molestiae eaque facilis vitae ipsa qui. Corrupti deleniti quidem doloremque recusandae. Tenetur atque iusto quasi beatae nostrum amet.', 5, '2018-10-09 11:59:48', '2018-10-09 11:59:48'),
(211, 30, 'Prof. Brenden Stracke I', 'Unde est facere fugit expedita et voluptatem non. Ut ducimus est in aliquam nemo molestiae vel vel. Voluptates exercitationem incidunt saepe neque architecto omnis. Sed eum quia distinctio qui consequatur animi.', 2, '2018-10-09 11:59:48', '2018-10-09 11:59:48'),
(212, 164, 'Ms. Margarete Reynolds', 'Nam nemo impedit et et dicta atque laboriosam. Iure rerum amet accusantium rem in amet. Autem ea culpa eveniet autem commodi recusandae voluptatum.', 4, '2018-10-09 11:59:49', '2018-10-09 11:59:49'),
(213, 5, 'Prof. Arne Lesch', 'Est iste molestiae quidem sequi. Nesciunt ex ab animi consequuntur nihil sint earum. Laborum ad voluptatem ullam id blanditiis voluptatem. Aliquam numquam similique sed eum.', 5, '2018-10-09 11:59:49', '2018-10-09 11:59:49'),
(214, 67, 'Serenity Nicolas', 'Accusantium iure minima culpa quia debitis quo. Magni omnis harum vel quaerat ad non delectus aperiam. Voluptatum sapiente aliquid consequatur voluptatem.', 2, '2018-10-09 11:59:49', '2018-10-09 11:59:49'),
(215, 182, 'Marcelo Christiansen', 'In officia ullam quia itaque et dolores illo. Error qui voluptas odio eos ea temporibus fugit. Ea molestiae consectetur sunt dolores rerum esse. Aut sit omnis porro illo tenetur.', 3, '2018-10-09 11:59:49', '2018-10-09 11:59:49'),
(216, 172, 'Mr. Estevan Morar DDS', 'Eaque non quam accusamus quo provident sit. Sunt suscipit quidem dolor vitae sed. Eaque non odit saepe esse provident sint vitae. Vero accusamus quia atque.', 1, '2018-10-09 11:59:49', '2018-10-09 11:59:49'),
(217, 75, 'Allene Kunde', 'Aperiam eos sint ipsum vero fugiat. Exercitationem occaecati error doloremque tempora aut quidem laudantium. Dignissimos autem aut odio aliquam odit debitis ullam. Reiciendis possimus officiis laborum quia.', 0, '2018-10-09 11:59:49', '2018-10-09 11:59:49'),
(218, 180, 'Miss Melyssa Rempel', 'Ipsam incidunt cum numquam aspernatur qui in. Qui quaerat nulla reprehenderit est sunt et cupiditate. Dolores animi asperiores eveniet est.', 4, '2018-10-09 11:59:49', '2018-10-09 11:59:49'),
(219, 163, 'Burdette Pacocha', 'Velit quaerat qui omnis quidem ea. Amet debitis magni quis voluptas iste perspiciatis minima illum. Accusantium nihil quos error fuga esse.', 0, '2018-10-09 11:59:49', '2018-10-09 11:59:49'),
(220, 108, 'Miss Clare Murphy II', 'Voluptatibus unde corrupti itaque omnis officia quis. Hic voluptates soluta minima est omnis. Doloribus et tempore possimus quas facilis distinctio ratione.', 5, '2018-10-09 11:59:49', '2018-10-09 11:59:49'),
(221, 85, 'Christ Zieme PhD', 'Vero molestiae dolorem veritatis consequatur aut voluptas cum nihil. Harum velit molestiae facilis voluptates est. Et cum repudiandae incidunt ut eos perspiciatis culpa magnam.', 5, '2018-10-09 11:59:49', '2018-10-09 11:59:49'),
(222, 16, 'Rosanna Morissette PhD', 'Sit laboriosam quo labore ipsum quia. Modi dolor quisquam architecto. Est vero dolorum velit qui qui. Ipsa nam soluta et placeat a voluptas et. Distinctio error enim iure dolor necessitatibus.', 3, '2018-10-09 11:59:49', '2018-10-09 11:59:49'),
(223, 30, 'Abigail Nicolas', 'Nostrum quo facilis enim harum et est. Nulla quia aliquid in voluptas. At corrupti vel quasi dolore qui placeat. Rem similique corrupti dolor necessitatibus nihil. Enim cumque temporibus in consectetur consequatur itaque.', 4, '2018-10-09 11:59:49', '2018-10-09 11:59:49'),
(224, 157, 'Emily Hermiston', 'Et quos illo vel nesciunt aut suscipit. Voluptatem ut provident ab delectus aut velit.', 5, '2018-10-09 11:59:49', '2018-10-09 11:59:49'),
(225, 21, 'Brent Langosh DVM', 'Illo molestiae pariatur est. Quo illum reprehenderit magnam excepturi neque optio. Totam eos blanditiis vitae ab in omnis dolorem.', 3, '2018-10-09 11:59:49', '2018-10-09 11:59:49'),
(226, 90, 'Nicola Raynor', 'A occaecati aut laudantium impedit aspernatur et. Laudantium consequuntur natus ut distinctio deleniti. Accusantium provident libero cupiditate necessitatibus eius porro. Quasi dignissimos voluptatem accusamus et aut sit porro.', 5, '2018-10-09 11:59:49', '2018-10-09 11:59:49'),
(227, 132, 'Mrs. Audrey Parisian', 'Sint enim neque corporis vel. Aliquam quasi neque vero ratione vel ipsam eos. Voluptatum totam ea error voluptatum maiores ullam eius aperiam.', 0, '2018-10-09 11:59:49', '2018-10-09 11:59:49'),
(228, 192, 'Kaylah Abernathy Sr.', 'Mollitia officiis officia ea libero minus vel nihil. Minima sed eum dolor dolores. Et temporibus non aspernatur quisquam. Quo aut nam et voluptas incidunt exercitationem est.', 3, '2018-10-09 11:59:49', '2018-10-09 11:59:49'),
(229, 137, 'Vickie Hill', 'Sit est voluptates expedita aut tenetur. Rerum sapiente tenetur ipsa eos aut velit. Ut tenetur soluta soluta minus expedita.', 1, '2018-10-09 11:59:49', '2018-10-09 11:59:49'),
(230, 12, 'Melvin Blick', 'Voluptas officia eius quas quia vel molestiae quisquam. Aut laboriosam tenetur dolore vel inventore recusandae dolor libero.', 3, '2018-10-09 11:59:49', '2018-10-09 11:59:49'),
(231, 11, 'Millie Wyman', 'Reprehenderit consequatur cupiditate error. Cumque sit laboriosam inventore officiis quibusdam. Natus velit quasi architecto dolorem sit sunt deserunt.', 1, '2018-10-09 11:59:49', '2018-10-09 11:59:49'),
(232, 112, 'Madeline Durgan', 'Nemo quam eligendi ullam molestiae voluptatem iste. Aliquam delectus aut nam asperiores vero. Sequi exercitationem voluptates rem.', 5, '2018-10-09 11:59:49', '2018-10-09 11:59:49'),
(233, 49, 'Prof. Cade Barrows', 'Suscipit facilis fugit quibusdam nihil sed sit sunt. Dolorem praesentium qui odit fugiat a.', 5, '2018-10-09 11:59:49', '2018-10-09 11:59:49'),
(234, 98, 'Mr. Braulio Lynch', 'Voluptatem architecto illum minus magnam officia sit magni. Expedita vitae deleniti est sunt. Possimus deserunt voluptates et. Explicabo sapiente autem ipsa corporis et magni corporis.', 1, '2018-10-09 11:59:49', '2018-10-09 11:59:49'),
(235, 155, 'Bette Zulauf', 'Alias aut qui labore fugiat quia qui rem. Possimus eius eius provident nihil distinctio. Tempore veritatis consequatur quidem quasi eius unde ex.', 0, '2018-10-09 11:59:49', '2018-10-09 11:59:49'),
(236, 171, 'Miss Carrie Mills III', 'Rerum tenetur et ut ut minus eum voluptatem. Reprehenderit at nam illo dolor sit et quasi. Perferendis consequatur aliquam quis temporibus iure consectetur perferendis.', 5, '2018-10-09 11:59:49', '2018-10-09 11:59:49'),
(237, 5, 'Aric Kuhn DDS', 'Earum sunt labore sunt sed quam iusto. A error esse iste quisquam ut rerum labore. Voluptas ut qui eos consequatur veritatis.', 0, '2018-10-09 11:59:49', '2018-10-09 11:59:49'),
(238, 108, 'Lavern White', 'Minima at odit dignissimos cum aut eos. Deleniti earum voluptatem eos temporibus. Consequatur voluptas voluptatum molestiae ipsam qui ea.', 1, '2018-10-09 11:59:49', '2018-10-09 11:59:49'),
(239, 182, 'Wava Osinski', 'Et dolores eum distinctio qui nobis. Voluptatum et doloremque id nemo dolore. Et sit est architecto.', 4, '2018-10-09 11:59:49', '2018-10-09 11:59:49'),
(240, 96, 'Jeanie Anderson', 'Nemo magnam autem voluptate in nisi soluta corrupti. Voluptatem non earum aut maiores quam quia. Aut sed sequi dolores dolorem enim.', 4, '2018-10-09 11:59:49', '2018-10-09 11:59:49'),
(241, 140, 'Jordy Rutherford IV', 'Qui omnis magnam voluptatem ut. Eius officiis dignissimos sint corporis enim. Aliquid nihil sequi soluta blanditiis expedita nulla. Consectetur voluptas voluptatem corrupti.', 2, '2018-10-09 11:59:49', '2018-10-09 11:59:49'),
(242, 134, 'Kayli Von', 'Eum deleniti ipsa sint. Magnam similique eum facere mollitia et magni. Quia minus suscipit et magni voluptatem. Voluptatem facilis pariatur hic similique quisquam corrupti error.', 2, '2018-10-09 11:59:49', '2018-10-09 11:59:49'),
(243, 6, 'Miss Therese Lebsack DDS', 'Et consequatur sunt quia natus vitae. Ex ab minus libero repudiandae ex. Excepturi vel et numquam voluptatem.', 2, '2018-10-09 11:59:49', '2018-10-09 11:59:49'),
(244, 17, 'Miss Geraldine Fisher', 'Et voluptatem porro quia vero voluptas suscipit. Possimus corrupti qui quibusdam et beatae. Voluptatem nostrum accusantium optio tempora quo exercitationem. Omnis qui tenetur ex est repudiandae cumque.', 2, '2018-10-09 11:59:49', '2018-10-09 11:59:49'),
(245, 37, 'Bernhard Hessel', 'Debitis nihil facere accusamus vel repellendus. Provident unde perspiciatis nemo eius praesentium non. A eum qui velit.', 2, '2018-10-09 11:59:49', '2018-10-09 11:59:49'),
(246, 54, 'Erin Conroy', 'Minima nostrum et quaerat at. Est rem rem repellendus qui. Quo dolores non quia accusantium. Soluta soluta maxime quia et minus non dolore et.', 3, '2018-10-09 11:59:49', '2018-10-09 11:59:49'),
(247, 126, 'Mrs. Rosalind McDermott', 'Eos facere et expedita. Saepe in culpa dolorem est mollitia nostrum. Dolorum sed quas tempora repellat dolores ut. Sunt nesciunt rem porro laudantium nesciunt qui nemo quisquam. Explicabo aut ea perspiciatis excepturi voluptas esse.', 2, '2018-10-09 11:59:49', '2018-10-09 11:59:49'),
(248, 185, 'Jose Mante', 'Saepe dolorum veniam et quisquam eum et recusandae. Dolor repudiandae iste illo harum praesentium architecto odit. Dolore fugit neque perferendis doloribus sapiente incidunt. Laboriosam ullam enim sint molestiae excepturi et.', 1, '2018-10-09 11:59:49', '2018-10-09 11:59:49'),
(249, 194, 'Prof. Rosendo Yundt', 'Modi impedit cumque repellat sunt et. Aut aliquam eaque blanditiis.', 4, '2018-10-09 11:59:50', '2018-10-09 11:59:50'),
(250, 42, 'Lenore Ruecker', 'Itaque provident aliquid quidem ut ipsa asperiores asperiores. Qui corrupti officiis aut. Eum non ut qui deleniti. Velit reprehenderit rerum quia. Enim id inventore eaque.', 4, '2018-10-09 11:59:50', '2018-10-09 11:59:50'),
(251, 73, 'Mrs. Verna Williamson', 'Ex quibusdam impedit ducimus ut eos perspiciatis. Dolore mollitia temporibus iusto ratione deserunt asperiores.', 2, '2018-10-09 11:59:50', '2018-10-09 11:59:50'),
(252, 14, 'Ms. Margarita Dietrich Jr.', 'Odio at in omnis enim. Maxime incidunt iure eveniet nulla perferendis. Odio esse nobis blanditiis sit totam voluptatibus animi. Voluptatibus nesciunt doloremque voluptas nulla. Cupiditate voluptatem voluptatem molestiae consequatur suscipit.', 5, '2018-10-09 11:59:50', '2018-10-09 11:59:50'),
(253, 126, 'Ms. Cheyenne Collins IV', 'Veniam cumque exercitationem ut est iure et necessitatibus. Et ut omnis libero. Officia iste nisi et saepe odio est minima.', 3, '2018-10-09 11:59:50', '2018-10-09 11:59:50'),
(254, 47, 'Katrina Labadie', 'Voluptatem odio iste iusto maxime quo necessitatibus nemo. Dignissimos earum assumenda ut esse sed voluptatum ab natus. Aspernatur tempora et corrupti id.', 2, '2018-10-09 11:59:50', '2018-10-09 11:59:50'),
(255, 190, 'Merlin Prohaska', 'Aut et rerum possimus necessitatibus sit. Quaerat iusto architecto eaque accusamus animi explicabo sapiente. Nam sapiente laudantium minus dolores. Nobis quidem aut qui.', 2, '2018-10-09 11:59:50', '2018-10-09 11:59:50'),
(256, 120, 'Trystan Stiedemann', 'Ipsa voluptas quisquam voluptatem recusandae fuga. Asperiores dolorem numquam quam est minima debitis reiciendis consequuntur.', 4, '2018-10-09 11:59:50', '2018-10-09 11:59:50'),
(257, 199, 'Prof. Martine Littel II', 'Iste voluptatem assumenda magni cupiditate. Doloremque nostrum molestiae voluptas quo reprehenderit. Magni a deleniti impedit quos sint tempora. Cupiditate blanditiis iusto non est inventore.', 4, '2018-10-09 11:59:50', '2018-10-09 11:59:50'),
(258, 3, 'Elouise Toy', 'Sequi sit dolores et minima suscipit iste hic. Laborum reiciendis ducimus aperiam et dolorem incidunt.', 5, '2018-10-09 11:59:50', '2018-10-09 11:59:50'),
(259, 189, 'Mr. Maxwell Littel Jr.', 'Est facilis quaerat in ea mollitia ut. Repudiandae enim aliquam ipsam unde. Nemo dignissimos et qui id quidem. Ea vero praesentium ut voluptatem.', 3, '2018-10-09 11:59:50', '2018-10-09 11:59:50'),
(260, 163, 'Theresia Feil Sr.', 'Adipisci optio nisi aliquam vero. Harum iusto expedita vel ut nam quasi laudantium. Ipsam voluptates quae deserunt dignissimos.', 3, '2018-10-09 11:59:50', '2018-10-09 11:59:50'),
(261, 159, 'Dennis West', 'Dicta consequatur ut veniam laboriosam maiores voluptatem quas. Hic repellat suscipit sapiente ut. Ea enim facilis repellat quia praesentium laboriosam qui.', 3, '2018-10-09 11:59:50', '2018-10-09 11:59:50'),
(262, 178, 'Christina Moore', 'Ratione esse est ullam. Vel in soluta similique. Iure ex magnam saepe exercitationem qui porro sint. Qui autem quasi iure est minima.', 0, '2018-10-09 11:59:50', '2018-10-09 11:59:50'),
(263, 107, 'Emely Boyle', 'Dolore saepe fuga voluptatem sint. Beatae id quam culpa odio earum sit. Minus itaque laborum illo maiores illum.', 0, '2018-10-09 11:59:51', '2018-10-09 11:59:51'),
(264, 27, 'Dr. Shayne Hackett III', 'Nesciunt eligendi sunt debitis non dolores. Eligendi suscipit modi ut nostrum sed quia. Ut iusto distinctio temporibus veniam culpa delectus.', 1, '2018-10-09 11:59:51', '2018-10-09 11:59:51'),
(265, 31, 'Mohamed Lynch', 'Suscipit ut earum mollitia laborum. Earum id iste id molestiae vel. Aut ea ad porro repellendus sed molestias. Explicabo omnis dolor facilis at saepe.', 5, '2018-10-09 11:59:51', '2018-10-09 11:59:51'),
(266, 2, 'Geovany Senger', 'A non harum placeat. Sint ea porro inventore quae autem ipsum est. Suscipit aut soluta porro sit doloremque.', 3, '2018-10-09 11:59:51', '2018-10-09 11:59:51'),
(267, 144, 'Ms. Jalyn Koepp', 'Nihil labore in molestias quibusdam omnis. Quidem minus culpa quos.', 5, '2018-10-09 11:59:51', '2018-10-09 11:59:51'),
(268, 192, 'Darby Homenick', 'Vel corrupti fuga voluptatibus qui. Nesciunt assumenda vel harum voluptatem est enim nisi voluptatem. Quaerat laborum ratione rerum soluta.', 2, '2018-10-09 11:59:51', '2018-10-09 11:59:51'),
(269, 53, 'Joshuah Hessel', 'Minima repellendus consequatur dolor illo expedita occaecati praesentium. Recusandae quo quia vero consequatur illum hic. Nisi unde qui perspiciatis ex id. Modi quo praesentium molestiae accusantium.', 3, '2018-10-09 11:59:51', '2018-10-09 11:59:51'),
(270, 150, 'Mr. Chaz Gorczany', 'Voluptas exercitationem occaecati consequatur ut sapiente aperiam. Facere sint voluptas libero at. Et non quia rem quisquam ut corrupti. Dolor et numquam nobis.', 0, '2018-10-09 11:59:51', '2018-10-09 11:59:51'),
(271, 100, 'Torey Boyer', 'Exercitationem et minus ut velit nulla. Nulla harum alias est tempore est quia. Fugiat consequatur eligendi vel sequi maxime animi cumque. Qui ut voluptatem eum laboriosam saepe.', 5, '2018-10-09 11:59:51', '2018-10-09 11:59:51'),
(272, 116, 'Lottie Gerlach', 'Odit delectus omnis enim voluptatum ea est placeat dolores. Sint quisquam dolores sapiente omnis vel est dolores. Et perferendis dolor qui odit. Expedita rerum impedit enim id sed sequi.', 5, '2018-10-09 11:59:51', '2018-10-09 11:59:51'),
(273, 62, 'Otho Nolan', 'Voluptate dolores illum molestiae aut ea. Enim dolorum illo maxime et numquam. Dignissimos enim nulla hic.', 1, '2018-10-09 11:59:51', '2018-10-09 11:59:51'),
(274, 115, 'Johnathon Leffler', 'Minus incidunt ipsum sed consequuntur. Consectetur quia labore consequatur ipsum. Perferendis saepe animi dolorum vero deleniti.', 0, '2018-10-09 11:59:51', '2018-10-09 11:59:51'),
(275, 160, 'Hipolito Schaden', 'Alias ipsum et qui rerum dolores ea quisquam. Veritatis exercitationem animi consectetur. Voluptas excepturi fugit minima quae vel accusamus ut. Quia alias qui sint quis ea quos dicta.', 4, '2018-10-09 11:59:51', '2018-10-09 11:59:51'),
(276, 162, 'Kattie Jast', 'Nisi neque dicta dolor nostrum. Amet eos laudantium quos necessitatibus. Corporis nisi qui reprehenderit voluptatem sed laboriosam sint.', 4, '2018-10-09 11:59:51', '2018-10-09 11:59:51'),
(277, 198, 'Dr. Yesenia Feeney Sr.', 'Cumque consequatur occaecati modi est dolore cupiditate. Quo recusandae corporis dolor animi. Rerum quo facere dolores velit recusandae dolorem est.', 1, '2018-10-09 11:59:51', '2018-10-09 11:59:51'),
(278, 119, 'Miss Haylee Sauer', 'Eligendi minus ut aut esse quibusdam. Sit quis sit recusandae ducimus. Sint est consequatur qui eaque.', 2, '2018-10-09 11:59:51', '2018-10-09 11:59:51'),
(279, 105, 'Keyon Schowalter', 'Facere vel totam nemo vel. Minus et et laudantium amet dolorem. Quibusdam doloremque est molestiae quae provident sint.', 4, '2018-10-09 11:59:51', '2018-10-09 11:59:51'),
(280, 162, 'Carlee Schneider', 'Maxime voluptatibus ut fugit perspiciatis exercitationem nihil. Voluptas voluptates voluptatem expedita illo quisquam quia veniam ipsa. Atque est alias quo cumque dolor possimus.', 5, '2018-10-09 11:59:51', '2018-10-09 11:59:51'),
(281, 44, 'Prof. Vesta Dickens', 'Vel mollitia eum voluptatem architecto velit. Exercitationem enim quo alias voluptatem alias. Eligendi ut omnis aut ab quod dolor nesciunt. Rerum sit vitae aliquam sit et aut.', 1, '2018-10-09 11:59:51', '2018-10-09 11:59:51'),
(282, 9, 'Lawrence Beer Jr.', 'Eos voluptatem debitis qui et non rerum necessitatibus quia. Doloremque dolore saepe sint officiis laboriosam. Beatae asperiores quasi voluptate iure. Aut animi quam molestias fugiat.', 2, '2018-10-09 11:59:51', '2018-10-09 11:59:51'),
(283, 38, 'Mr. Keyshawn Ebert PhD', 'Facilis sapiente culpa sit facilis aut. Iste tempora est nostrum dolorum similique ea illum. Aut atque possimus sit impedit dolorem.', 4, '2018-10-09 11:59:51', '2018-10-09 11:59:51'),
(284, 33, 'Rashawn Schroeder', 'Iste consequatur minus sunt eveniet. Doloribus consequatur accusantium aut esse eos dicta. Ab sint fuga qui minima aut.', 1, '2018-10-09 11:59:51', '2018-10-09 11:59:51'),
(285, 200, 'River Bernier', 'Et iusto sed quaerat explicabo ut asperiores quibusdam iure. Illo voluptatem veritatis corrupti saepe suscipit provident blanditiis. Officiis at vel sunt ut cupiditate sit suscipit. Eligendi mollitia et nisi modi minus.', 1, '2018-10-09 11:59:51', '2018-10-09 11:59:51'),
(286, 14, 'Leanna Runolfsson', 'Autem voluptates quae odio eum occaecati odio. Quo aut nihil et nihil placeat est. Ipsum qui rerum similique maxime consequuntur tenetur.', 1, '2018-10-09 11:59:51', '2018-10-09 11:59:51'),
(287, 24, 'Rylee Brekke', 'Vero et quis numquam modi corporis. Quas aliquid atque officia voluptatem ducimus et ut. Soluta labore soluta officia. Culpa mollitia dolores libero vel neque quod itaque non.', 2, '2018-10-09 11:59:51', '2018-10-09 11:59:51'),
(288, 133, 'Adrain Zieme MD', 'Odit a dolorem qui libero tempore magni. Occaecati est sapiente voluptas. Sunt dicta omnis in facere et consequatur.', 0, '2018-10-09 11:59:51', '2018-10-09 11:59:51'),
(289, 22, 'Susie Hammes Sr.', 'Officiis vitae rerum similique blanditiis distinctio aliquam. Ratione et facere omnis autem voluptatem voluptas deserunt. Libero dolorem repellendus molestiae in natus doloremque.', 4, '2018-10-09 11:59:51', '2018-10-09 11:59:51'),
(290, 196, 'Mrs. Myrtie Cronin', 'Commodi quisquam ipsum voluptate hic quos autem ex. Autem ullam et culpa eum aut porro error magnam. Natus perferendis sint reiciendis est at. Repellendus aut eligendi incidunt labore omnis ad eveniet.', 0, '2018-10-09 11:59:51', '2018-10-09 11:59:51'),
(291, 55, 'Dianna Rau Sr.', 'Ratione voluptatum aut quis deserunt nobis. Deleniti consequuntur occaecati voluptatem dolorem beatae omnis dolorem. Et recusandae corporis aut sint.', 3, '2018-10-09 11:59:51', '2018-10-09 11:59:51'),
(292, 64, 'Grover Stracke', 'Omnis illum eos veniam distinctio rerum eos vel. Aut omnis corporis asperiores. Quae omnis doloribus dolorem similique sequi non.', 3, '2018-10-09 11:59:51', '2018-10-09 11:59:51'),
(293, 87, 'Ms. Breana Hayes Jr.', 'Quod deleniti et hic. Officia expedita autem aut quae fugiat. A cupiditate ut ipsam aut et est aut.', 5, '2018-10-09 11:59:51', '2018-10-09 11:59:51'),
(294, 149, 'Dr. Jeffrey Stamm Jr.', 'Quis soluta quos ea non eos dolor et consequuntur. Dolores nisi commodi magnam ipsam ad ea. Quibusdam aut maiores accusantium facilis occaecati eaque atque. At et maxime quia voluptas laborum non.', 1, '2018-10-09 11:59:51', '2018-10-09 11:59:51'),
(295, 12, 'Athena Haley', 'Et quasi voluptatem a sunt est eaque. Et consequatur eaque incidunt enim. Dicta magnam vel fugit tempora.', 5, '2018-10-09 11:59:51', '2018-10-09 11:59:51'),
(296, 19, 'Prof. Clarissa Koss IV', 'Fuga quod voluptatibus eligendi odio blanditiis. Quae consequatur enim dolorum nemo qui. Ullam enim et nemo dolores perspiciatis sequi consequuntur.', 2, '2018-10-09 11:59:51', '2018-10-09 11:59:51'),
(297, 98, 'Ms. Destiney Sipes V', 'Voluptas cum et quos in facere architecto tenetur. Veritatis omnis quod harum saepe. Voluptatem neque occaecati magnam error.', 0, '2018-10-09 11:59:52', '2018-10-09 11:59:52'),
(298, 86, 'Bret Kulas', 'Sint animi qui magnam impedit et. Dignissimos assumenda illo voluptatem sunt sit atque corporis est. Ducimus voluptatum commodi quaerat illum. Eaque officia facere aut atque autem rerum dolores.', 3, '2018-10-09 11:59:52', '2018-10-09 11:59:52'),
(299, 164, 'Jesse D\'Amore Sr.', 'Ad aut est accusamus id impedit eum qui rem. Sed ipsam quia nulla aut quae tenetur corporis dignissimos. Et voluptate minima ab numquam quia doloribus debitis.', 0, '2018-10-09 11:59:52', '2018-10-09 11:59:52'),
(300, 15, 'Ms. Delta Greenholt', 'Qui aliquid iusto totam alias qui vel. Omnis neque voluptatem reiciendis architecto. Qui voluptates temporibus delectus tempora.', 3, '2018-10-09 11:59:52', '2018-10-09 11:59:52');

-- --------------------------------------------------------

--
-- Table structure for table `users`
--

CREATE TABLE `users` (
  `id` int(10) UNSIGNED NOT NULL,
  `name` varchar(191) COLLATE utf8mb4_unicode_ci NOT NULL,
  `email` varchar(191) COLLATE utf8mb4_unicode_ci NOT NULL,
  `email_verified_at` timestamp NULL DEFAULT NULL,
  `password` varchar(191) COLLATE utf8mb4_unicode_ci NOT NULL,
  `remember_token` varchar(100) COLLATE utf8mb4_unicode_ci DEFAULT NULL,
  `created_at` timestamp NULL DEFAULT NULL,
  `updated_at` timestamp NULL DEFAULT NULL
) ENGINE=InnoDB DEFAULT CHARSET=utf8mb4 COLLATE=utf8mb4_unicode_ci;

--
-- Indexes for dumped tables
--

--
-- Indexes for table `migrations`
--
ALTER TABLE `migrations`
  ADD PRIMARY KEY (`id`);

--
-- Indexes for table `password_resets`
--
ALTER TABLE `password_resets`
  ADD KEY `password_resets_email_index` (`email`);

--
-- Indexes for table `products`
--
ALTER TABLE `products`
  ADD PRIMARY KEY (`id`);

--
-- Indexes for table `reviews`
--
ALTER TABLE `reviews`
  ADD PRIMARY KEY (`id`),
  ADD KEY `reviews_product_id_index` (`product_id`);

--
-- Indexes for table `users`
--
ALTER TABLE `users`
  ADD PRIMARY KEY (`id`),
  ADD UNIQUE KEY `users_email_unique` (`email`);

--
-- AUTO_INCREMENT for dumped tables
--

--
-- AUTO_INCREMENT for table `migrations`
--
ALTER TABLE `migrations`
  MODIFY `id` int(10) UNSIGNED NOT NULL AUTO_INCREMENT, AUTO_INCREMENT=5;

--
-- AUTO_INCREMENT for table `products`
--
ALTER TABLE `products`
  MODIFY `id` int(10) UNSIGNED NOT NULL AUTO_INCREMENT, AUTO_INCREMENT=201;

--
-- AUTO_INCREMENT for table `reviews`
--
ALTER TABLE `reviews`
  MODIFY `id` int(10) UNSIGNED NOT NULL AUTO_INCREMENT, AUTO_INCREMENT=301;

--
-- AUTO_INCREMENT for table `users`
--
ALTER TABLE `users`
  MODIFY `id` int(10) UNSIGNED NOT NULL AUTO_INCREMENT;

--
-- Constraints for dumped tables
--

--
-- Constraints for table `reviews`
--
ALTER TABLE `reviews`
  ADD CONSTRAINT `reviews_product_id_foreign` FOREIGN KEY (`product_id`) REFERENCES `products` (`id`) ON DELETE CASCADE;
COMMIT;

/*!40101 SET CHARACTER_SET_CLIENT=@OLD_CHARACTER_SET_CLIENT */;
/*!40101 SET CHARACTER_SET_RESULTS=@OLD_CHARACTER_SET_RESULTS */;
/*!40101 SET COLLATION_CONNECTION=@OLD_COLLATION_CONNECTION */;
